snapshot_month,warehouse_id,warehouse_name,region,drug_code,brand_name,is_cold_chain,unit_cost_usd,units_on_hand,monthly_demand_units,units_issued,safety_stock,reorder_point,months_of_supply,days_to_expiry,units_expiring_soon,warehouse_capacity,inventory_value_usd
2023-01,WH-NA-01,Newark DC,North America,DrugA,Angiotrol,1,9.6,7291.0,10992,10037,5441,18631,0.66,339,1120,620000,69993.6
2023-01,WH-NA-01,Newark DC,North America,DrugB,Betacor,0,3.15,24974.0,7777,7777,3849,13181,3.21,528,1634,620000,78668.1
2023-01,WH-NA-01,Newark DC,North America,DrugC,Cholestat,1,12.3,10072.0,7817,7518,3869,13249,1.29,398,3167,620000,123885.6
2023-01,WH-NA-01,Newark DC,North America,DrugX,Nephrolyte,0,1.85,91730.0,24890,22717,12320,42188,3.69,465,19018,620000,169700.5
2023-01,WH-NA-01,Newark DC,North America,DrugY,Cardiovex,0,2.4,104457.0,43891,39924,21726,74395,2.38,626,7458,620000,250696.8
2023-02,WH-NA-01,Newark DC,North America,DrugA,Angiotrol,1,9.6,31230.0,10971,10833,5430,18595,2.85,89,9954,620000,299808.0
2023-02,WH-NA-01,Newark DC,North America,DrugB,Betacor,0,3.15,,7739,7530,3830,13116,3.3,356,4256,620000,80378.55
2023-02,WH-NA-01,Newark DC,North America,DrugC,Cholestat,1,12.3,15812.0,7764,6676,3843,13159,2.04,308,519,620000,194487.6
2023-02,WH-NA-01,Newark DC,North America,DrugX,Nephrolyte,0,1.85,56316.0,26611,23005,13172,45105,2.12,342,356,620000,104184.6
2023-02,WH-NA-01,Newark DC,North America,DrugY,Cardiovex,0,2.4,61526.0,43003,39382,21286,72889,1.43,575,20140,620000,147662.4
2023-03,WH-NA-01,Newark DC,North America,DrugA,Angiotrol,1,9.6,20913.0,10316,10316,5106,17485,2.03,177,1115,620000,200764.8
2023-03,WH-NA-01,Newark DC,North America,DrugB,Betacor,0,3.15,15275.0,7606,7606,3764,12891,2.01,295,2349,620000,48116.25
2023-03,WH-NA-01,Newark DC,North America,DrugC,Cholestat,1,12.3,6065.0,7286,7008,3606,12349,0.83,104,122,620000,74599.5
2023-03,WH-NA-01,Newark DC,North America,DrugX,Nephrolyte,0,1.85,120136.0,23224,23224,11495,39363,5.17,459,23873,620000,222251.6
2023-03,WH-NA-01,Newark DC,North America,DrugY,Cardiovex,0,2.4,74149.0,40226,38581,19911,68182,1.84,526,5986,620000,177957.6
2023-04,WH-NA-01,Newark DC,North America,DrugA,Angiotrol,1,9.6,22271.0,9161,9161,4534,15527,2.43,311,682,620000,213801.6
2023-04,WH-NA-01,Newark DC,North America,DrugB,Betacor,0,3.15,19102.0,6713,6713,3322,11377,2.85,524,1801,620000,60171.3
2023-04,WH-NA-01,Newark DC,North America,DrugC,Cholestat,1,12.3,5636.0,6541,6541,3237,11086,0.86,211,370,620000,69322.8
2023-04,WH-NA-01,Newark DC,North America,DrugX,Nephrolyte,0,1.85,71566.0,24802,22177,12276,42038,2.89,475,12703,620000,132397.1
2023-04,WH-NA-01,Newark DC,North America,DrugY,Cardiovex,0,2.4,152457.0,38258,34014,18937,64846,3.98,550,6845,620000,365896.8
2023-05,WH-NA-01,Newark DC,North America,DrugA,Angiotrol,1,9.6,,8484,7300,4199,14379,0.84,267,314,620000,68284.8
2023-05,WH-NA-01,Newark DC,NORTH AMERICA,DrugB,Betacor,0,3.15,7118.0,6585,6287,3259,11161,1.08,295,211,620000,22421.7
2023-05,WH-NA-01,Newark DC,North America,DrugC,Cholestat,1,12.3,7047.0,6421,6319,3178,10883,1.1,233,868,620000,86678.1
2023-05,WH-NA-01,Newark DC,North America,DrugX,Nephrolyte,0,1.85,74079.0,20583,18479,10188,34887,3.6,284,4335,620000,137046.15
2023-05,WH-NA-01,Newark DC,North America,DrugY,Cardiovex,0,2.4,100141.0,36729,34726,18180,62254,2.73,217,6034,620000,240338.4
2023-06,WH-NA-01,Newark DC,North America,DrugA,Angiotrol,1,9.6,16429.0,8175,7892,4046,13856,2.01,360,1732,620000,157718.4
2023-06,WH-NA-01,Newark DC,North America,DrugB,Betacor,0,3.15,9826.0,6208,6208,3072,10521,1.58,315,2064,620000,30951.9
2023-06,WH-NA-01,Newark DC,North America,DrugC,Cholestat,1,12.3,10401.0,5660,4777,2801,9593,1.84,152,2503,620000,127932.3
2023-06,WH-NA-01,Newark DC,North America,DrugX,Nephrolyte,0,1.85,62614.0,19509,18431,9656,33066,3.21,398,2594,620000,115835.9
2023-06,WH-NA-01,Newark DC,North America,DrugY,Cardiovex,0,2.4,90295.0,34534,34107,17094,58534,2.61,448,2993,620000,216708.0
2023-07,WH-NA-01,Newark DC,North America,DrugA,Angiotrol,1,9.6,7381.0,7468,7468,3696,12657,0.99,301,1167,620000,70857.6
2023-07,WH-NA-01,Newark DC,North America,DrugB,Betacor,0,3.15,18506.0,6135,5218,3036,10398,3.02,282,1436,620000,58293.9
2023-07,WH-NA-01,Newark DC,North America,DrugC,Cholestat,1,12.3,15181.0,5632,5171,2787,9545,2.7,544,471,620000,186726.3
2023-07,WH-NA-01,Newark DC,North America,DrugX,Nephrolyte,0,1.85,78424.0,18568,18568,9191,31472,4.22,485,3145,620000,145084.4
2023-07,WH-NA-01,Newark DC,North America,DrugY,Cardiovex,0,2.4,103167.0,32827,31274,16249,55641,3.14,726,3933,620000,247600.8
2023-08,WH-NA-01,Newark DC,North America,DrugA,Angiotrol,1,9.6,11969.0,8604,7818,4258,14582,1.39,54,1159,620000,114902.4
2023-08,WH-NA-01,Newark DC,North America,DrugB,Betacor,0,3.15,23618.0,6210,6210,3073,10525,3.8,452,1211,620000,74396.7
2023-08,WH-NA-01,Newark DC,North America,DrugC,Cholestat,1,12.3,9299.0,5727,5165,2834,9706,1.62,76,726,620000,114377.7
2023-08,WH-NA-01,Newark DC,North America,DrugX,Nephrolyte,0,1.85,62158.0,21064,18849,10426,35702,2.95,574,1993,620000,114992.3
2023-08,WH-NA-01,Newark DC,North America,DrugY,Cardiovex,0,2.4,67516.0,33006,32673,16337,55944,2.05,397,6639,620000,162038.4
2023-09,WH-NA-01,Newark DC,North America,DrugA,Angiotrol,1,9.6,19236.0,9838,9838,4869,16674,1.96,256,999,620000,184665.6
2023-09,WH-NA-01,Newark DC,NORTH AMERICA,DrugB,Betacor,0,3.15,13767.0,6734,6734,3333,11413,2.04,270,1149,620000,43366.05
2023-09,WH-NA-01,Newark DC,North America,DrugC,Cholestat,1,12.3,25691.0,5863,5586,2902,9937,4.38,459,4338,620000,315999.3
2023-09,WH-NA-01,Newark DC,North America,DrugX,Nephrolyte,0,1.85,70113.0,21681,21681,10732,36749,3.23,446,3122,620000,129709.05
2023-09,WH-NA-01,Newark DC,North America,DrugY,Cardiovex,0,2.4,130733.0,35199,32338,17423,59661,3.71,436,9462,620000,313759.2
2023-10,WH-NA-01,Newark DC,North America,DrugA,Angiotrol,1,9.6,24405.0,9388,8323,4647,15912,2.6,176,4039,620000,234288.0
2023-10,WH-NA-01,Newark DC,North America,DrugB,Betacor,0,3.15,18858.0,6647,6398,3290,11266,2.84,401,584,620000,59402.7
2023-10,WH-NA-01,Newark DC,North America,DrugC,Cholestat,1,12.3,14645.0,7630,7265,3776,12932,1.92,110,2025,620000,180133.5
2023-10,WH-NA-01,Newark DC,North America,DrugX,Nephrolyte,0,1.85,56280.0,23337,21576,11551,39555,2.41,456,3073,620000,104118.0
2023-10,WH-NA-01,Newark DC,North America,DrugY,Cardiovex,0,2.4,140148.0,37155,35337,18391,62977,3.77,734,6224,620000,336355.2
2023-11,WH-NA-01,Newark DC,North America,DrugA,Angiotrol,1,9.6,14595.0,10149,8911,5023,17201,1.44,316,1927,620000,140112.0
2023-11,WH-NA-01,Newark DC,North America,DrugB,Betacor,0,3.15,33840.0,7747,7361,3834,13130,4.37,305,743,620000,106596.0
2023-11,WH-NA-01,Newark DC,North America,DrugC,Cholestat,1,12.3,14020.0,7596,7596,3760,12875,1.85,21,920,620000,172446.0
2023-11,WH-NA-01,Newark DC,North America,DrugX,Nephrolyte,0,1.85,108961.0,25608,25608,12675,43404,4.25,245,12650,620000,201577.85
2023-11,WH-NA-01,Newark DC,North America,DrugY,Cardiovex,0,2.4,160300.0,43420,39165,21492,73596,3.69,498,14900,620000,384720.0
2023-12,WH-NA-01,Newark DC,North America,DrugA,Angiotrol,1,9.6,5825.0,11923,10170,5901,20208,0.49,475,337,620000,55920.0
2023-12,WH-NA-01,Newark DC,North America,DrugB,Betacor,0,3.15,33523.0,7961,7077,3940,13493,4.21,510,1670,620000,105597.45
2023-12,WH-NA-01,Newark DC,North America,DrugC,Cholestat,1,12.3,16459.0,8012,7660,3965,13579,2.05,166,1254,620000,202445.7
2023-12,WH-NA-01,Newark DC,North America,DrugX,Nephrolyte,0,1.85,71943.0,27422,27422,13573,46479,2.62,202,2692,620000,133094.55
2023-12,WH-NA-01,Newark DC,N. America,DrugY,Cardiovex,0,2.4,213667.0,48485,47294,24000,82182,4.41,574,56077,620000,512800.8
2024-01,WH-NA-01,Newark DC,North America,DrugA,Angiotrol,1,9.6,9732.0,12093,12093,5986,20497,0.8,255,576,620000,93427.2
2024-01,WH-NA-01,Newark DC,North America,DrugB,Betacor,0,3.15,24799.0,7867,7385,3894,13334,3.15,191,1390,620000,78116.85
2024-01,WH-NA-01,Newark DC,North America,DrugC,Cholestat,1,12.3,12285.0,8025,7949,3972,13602,1.53,432,130,620000,151105.5
2024-01,WH-NA-01,Newark DC,North America,DrugX,Nephrolyte,0,1.85,135743.0,31491,29989,15588,53377,4.31,181,42747,620000,251124.55
2024-01,WH-NA-01,Newark DC,North America,DrugY,Cardiovex,0,2.4,169922.0,46492,45530,23013,78803,3.65,368,35228,620000,407812.8
2024-02,WH-NA-01,Newark DC,North America,DrugA,Angiotrol,1,9.6,13076.0,12153,11552,6015,20598,1.08,205,1088,620000,125529.6
2024-02,WH-NA-01,Newark DC,North America,DrugB,Betacor,0,3.15,30879.0,8359,7410,4137,14167,3.69,218,5781,620000,97268.85
2024-02,WH-NA-01,Newark DC,north america,DrugC,Cholestat,1,12.3,21247.0,8917,7425,4413,15113,2.38,90,619,620000,261338.1
2024-02,WH-NA-01,Newark DC,North America,DrugX,Nephrolyte,0,1.85,51063.0,26648,25304,13190,45167,1.92,571,8435,620000,94466.55
2024-02,WH-NA-01,Newark DC,North America,DrugY,Cardiovex,0,2.4,117430.0,47292,41777,23409,80159,2.48,320,6946,620000,281832.0
2024-03,WH-NA-01,Newark DC,North America,DrugA,Angiotrol,1,9.6,14661.0,10556,10233,5225,17892,1.39,33,2661,620000,140745.6
2024-03,WH-NA-01,Newark DC,North America,DrugB,Betacor,0,3.15,22809.0,7913,7913,3916,13411,2.88,381,4143,620000,71848.35
2024-03,WH-NA-01,Newark DC,North America,DrugC,Cholestat,1,12.3,12656.0,7135,6246,3531,12093,1.77,202,2259,620000,155668.8
2024-03,WH-NA-01,Newark DC,North America,DrugX,Nephrolyte,0,1.85,75360.0,24317,24036,12036,41216,3.1,504,6160,620000,139416.0
2024-03,WH-NA-01,Newark DC,North America,DrugY,Cardiovex,0,2.4,155532.0,42137,35953,20857,71421,3.69,568,10020,620000,373276.8
2024-04,WH-NA-01,Newark DC,North America,DrugA,Angiotrol,1,9.6,21112.0,10223,8059,5060,17327,2.07,135,2722,620000,202675.2
2024-04,WH-NA-01,Newark DC,North America,DrugB,Betacor,0,3.15,18765.0,7757,7757,3839,13147,2.42,328,1124,620000,59109.75
2024-04,WH-NA-01,Newark DC,North America,DrugC,Cholestat,1,12.3,8669.0,7351,7170,3638,12459,1.18,147,2364,620000,106628.7
2024-04,WH-NA-01,Newark DC,North America,DrugX,Nephrolyte,0,1.85,58683.0,23891,23891,11826,40495,2.46,186,5884,620000,108563.55
2024-04,WH-NA-01,Newark DC,North America,DrugY,Cardiovex,0,2.4,125677.0,41078,41078,20333,69626,3.06,532,17631,620000,301624.8
2024-05,WH-NA-01,Newark DC,North America,DrugA,Angiotrol,1,9.6,9029.0,9079,8240,4494,15388,0.99,74,1221,620000,86678.4
2024-05,WH-NA-01,Newark DC,North America,DrugB,Betacor,0,3.15,22606.0,6808,6327,3369,11538,3.32,282,3154,620000,71208.9
2024-05,WH-NA-01,Newark DC,North America,DrugC,Cholestat,1,12.3,8044.0,6174,5855,3056,10464,1.3,304,765,620000,98941.2
2024-05,WH-NA-01,Newark DC,North America,DrugX,Nephrolyte,0,1.85,46967.0,21906,21176,10843,37130,2.14,344,2527,620000,86888.95
2024-05,WH-NA-01,Newark DC,North America,DrugY,Cardiovex,0,2.4,26189.0,35922,35922,17781,60887,0.73,342,825,620000,62853.6
2024-06,WH-NA-01,Newark DC,North America,DrugA,Angiotrol,1,9.6,11036.0,9233,9233,4570,15649,1.2,262,2112,620000,105945.6
2024-06,WH-NA-01,Newark DC,North America,DrugB,Betacor,0,3.15,13707.0,6286,6097,3111,10654,2.18,308,3379,620000,43177.05
2024-06,WH-NA-01,Newark DC,North America,DrugC,Cholestat,1,12.3,4180.0,5981,5442,2960,10137,0.7,286,334,620000,51414.0
2024-06,WH-NA-01,Newark DC,North America,DrugX,Nephrolyte,0,1.85,93261.0,21194,19922,10491,35923,4.4,416,6651,620000,172532.85
2024-06,WH-NA-01,Newark DC,North America,DrugY,Cardiovex,0,2.4,105844.0,32753,30740,16212,55515,3.23,402,6149,620000,254025.6
2024-07,WH-NA-01,Newark DC,North America,DrugA,Angiotrol,1,9.6,13151.0,8371,8371,4143,14188,1.57,174,2002,620000,126249.6
2024-07,WH-NA-01,Newark DC,North America,DrugB,Betacor,0,3.15,14734.0,5846,5353,2893,9908,2.52,282,649,620000,46412.1
2024-07,WH-NA-01,Newark DC,North America,DrugC,Cholestat,1,12.3,18109.0,6462,6142,3198,10952,2.8,304,3025,620000,222740.7
2024-07,WH-NA-01,Newark DC,North America,DrugX,Nephrolyte,0,1.85,28826.0,19425,19425,9615,32925,1.48,499,2498,620000,53328.1
2024-07,WH-NA-01,Newark DC,North America,DrugY,Cardiovex,0,2.4,33402.0,33802,31281,16731,57293,0.99,603,11814,620000,80164.8
2024-08,WH-NA-01,Newark DC,North America,DrugA,Angiotrol,1,9.6,9029.0,8405,7990,4160,14246,1.07,329,1362,620000,86678.4
2024-08,WH-NA-01,Newark DC,North America,DrugB,Betacor,0,3.15,10097.0,6298,6232,3117,10674,1.6,271,1005,620000,31805.55
2024-08,WH-NA-01,Newark DC,North America,DrugC,Cholestat,1,12.3,11256.0,6204,6098,3070,10514,1.81,100,2548,620000,138448.8
2024-08,WH-NA-01,Newark DC,North America,DrugX,Nephrolyte,0,1.85,51661.0,21887,21437,10834,37098,2.36,426,1680,620000,95572.85
2024-08,WH-NA-01,Newark DC,North America,DrugY,Cardiovex,0,2.4,84244.0,34812,33073,17231,59005,2.42,559,6859,620000,202185.6
2024-09,WH-NA-01,Newark DC,North America,DrugA,Angiotrol,1,9.6,16345.0,10430,9611,5162,17678,1.57,20,2353,620000,156912.0
2024-09,WH-NA-01,Newark DC,North America,DrugB,Betacor,0,3.15,36254.0,7113,6355,3520,12055,5.1,200,7220,620000,114200.1
2024-09,WH-NA-01,Newark DC,North America,DrugC,Cholestat,1,12.3,5228.0,6701,6279,3316,11357,0.78,339,1454,620000,64304.4
2024-09,WH-NA-01,Newark DC,North America,DrugX,Nephrolyte,0,1.85,80373.0,23064,23064,11416,39092,3.48,399,5094,620000,148690.05
2024-09,WH-NA-01,Newark DC,North America,DrugY,Cardiovex,0,2.4,133720.0,38105,35696,18861,64587,3.51,523,6055,620000,320928.0
2024-10,WH-NA-01,Newark DC,North America,DrugA,Angiotrol,1,9.6,10642.0,10485,9568,5190,17772,1.02,232,1881,620000,102163.2
2024-10,WH-NA-01,Newark DC,North America,DrugB,Betacor,0,3.15,21727.0,7418,7079,3671,12572,2.93,270,1060,620000,68440.05
2024-10,WH-NA-01,Newark DC,North America,DrugC,Cholestat,1,12.3,11929.0,7934,7934,3927,13447,1.5,249,570,620000,146726.7
2024-10,WH-NA-01,Newark DC,NORTH AMERICA,DrugX,Nephrolyte,0,1.85,69168.0,24379,23238,12067,41321,2.84,477,1287,620000,127960.8
2024-10,WH-NA-01,Newark DC,North America,DrugY,Cardiovex,0,2.4,79407.0,44509,39702,22031,75441,1.78,435,2580,620000,190576.8
2024-11,WH-NA-01,Newark DC,north america,DrugA,Angiotrol,1,9.6,9823.0,12069,12069,5974,20456,0.81,444,262,620000,94300.8
2024-11,WH-NA-01,Newark DC,North America,DrugB,Betacor,0,3.15,25539.0,8163,7356,4040,13835,3.13,201,2319,620000,80447.85
2024-11,WH-NA-01,Newark DC,North America,DrugC,Cholestat,1,12.3,24384.0,8771,7822,4341,14866,2.78,108,854,620000,299923.2
2024-11,WH-NA-01,Newark DC,North America,DrugX,Nephrolyte,0,1.85,91264.0,28408,28408,14061,48150,3.21,377,21680,620000,168838.4
2024-11,WH-NA-01,Newark DC,North America,DrugY,Cardiovex,0,2.4,72011.0,44040,42937,21799,74647,1.64,674,13200,620000,172826.4
2024-12,WH-NA-01,Newark DC,North America,DrugA,Angiotrol,1,9.6,13356.0,12572,11877,6223,21309,1.06,120,118,620000,128217.6
2024-12,WH-NA-01,Newark DC,North America,DrugB,Betacor,0,3.15,29782.0,8788,7567,4350,14895,3.39,295,6089,620000,93813.3
2024-12,WH-NA-01,Newark DC,NORTH AMERICA,DrugC,Cholestat,1,12.3,26138.0,8895,7988,4403,15077,2.94,155,2879,620000,321497.4
2024-12,WH-NA-01,Newark DC,North America,DrugX,Nephrolyte,0,1.85,78477.0,29988,29988,14844,50829,2.62,438,2893,620000,145182.45
2024-12,WH-NA-01,Newark DC,North America,DrugY,Cardiovex,0,2.4,180740.0,53155,47091,26311,90097,3.4,510,66237,620000,433776.0
2025-01,WH-NA-01,Newark DC,North America,DrugA,Angiotrol,1,9.6,20703.0,12669,11109,6271,21473,1.63,123,2507,620000,198748.8
2025-01,WH-NA-01,Newark DC,North America,DrugB,Betacor,0,3.15,18961.0,8327,7569,4121,14113,2.28,150,5042,620000,59727.15
2025-01,WH-NA-01,Newark DC,North America,DrugC,Cholestat,1,12.3,1885.0,9425,8178,4665,15975,0.2,269,64,620000,23185.5
2025-01,WH-NA-01,Newark DC,North America,DrugX,Nephrolyte,0,1.85,98042.0,31045,29385,15367,52621,3.16,357,860,620000,181377.7
2025-01,WH-NA-01,Newark DC,North America,DrugY,Cardiovex,0,2.4,173633.0,52051,52051,25765,88226,3.34,948,18697,620000,416719.2
2025-02,WH-NA-01,Newark DC,North America,DrugA,Angiotrol,1,9.6,32603.0,13101,12192,6484,22205,2.49,247,4892,620000,312988.8
2025-02,WH-NA-01,Newark DC,North America,DrugB,Betacor,0,3.15,28890.0,8378,8378,4147,14200,3.45,184,1023,620000,91003.5
2025-02,WH-NA-01,Newark DC,N. America,DrugC,Cholestat,1,12.3,19199.0,8931,8931,4420,15137,2.15,190,1094,620000,236147.7
2025-02,WH-NA-01,Newark DC,North America,DrugX,Nephrolyte,0,1.85,71283.0,29194,26420,14451,49483,2.44,457,6208,620000,131873.55
2025-02,WH-NA-01,Newark DC,North America,DrugY,Cardiovex,0,2.4,116936.0,47832,46219,23676,81074,2.44,233,19142,620000,280646.4
2025-03,WH-NA-01,Newark DC,North America,DrugA,Angiotrol,1,9.6,18193.0,10123,9483,5010,17157,1.8,270,1083,620000,174652.8
2025-03,WH-NA-01,Newark DC,N. America,DrugB,Betacor,0,3.15,19161.0,8390,7211,4153,14221,2.28,298,4015,620000,60357.15
2025-03,WH-NA-01,Newark DC,North America,DrugC,Cholestat,1,12.3,26889.0,8309,7603,4112,14082,3.24,462,827,620000,330734.7
2025-03,WH-NA-01,Newark DC,North America,DrugX,Nephrolyte,0,1.85,97068.0,29958,29958,14829,50778,3.24,469,1846,620000,179575.8
2025-03,WH-NA-01,Newark DC,north america,DrugY,Cardiovex,0,2.4,162933.0,44415,41595,21985,75283,3.67,574,12750,620000,391039.2
2025-04,WH-NA-01,Newark DC,North America,DrugA,Angiotrol,1,9.6,18029.0,10827,10435,5359,18351,1.67,425,6895,620000,173078.4
2025-04,WH-NA-01,Newark DC,North America,DrugB,Betacor,0,3.15,17672.0,6747,6074,3339,11435,2.62,295,324,620000,55666.8
2025-04,WH-NA-01,Newark DC,North America,DrugC,Cholestat,1,12.3,11085.0,8037,6589,3978,13622,1.38,395,42,620000,136345.5
2025-04,WH-NA-01,Newark DC,North America,DrugX,Nephrolyte,0,1.85,68744.0,28332,28187,14024,48022,2.43,346,947,620000,127176.4
2025-04,WH-NA-01,Newark DC,North America,DrugY,Cardiovex,0,2.4,81912.0,47165,42325,23346,79944,1.74,299,15141,620000,196588.8
2025-05,WH-NA-01,Newark DC,North America,DrugA,Angiotrol,1,9.6,14206.0,9444,8858,4674,16006,1.5,101,6397,620000,136377.6
2025-05,WH-NA-01,Newark DC,North America,DrugB,Betacor,0,3.15,22738.0,7269,6818,3598,12320,3.13,217,4765,620000,71624.7
2025-05,WH-NA-01,Newark DC,north america,DrugC,Cholestat,1,12.3,24815.0,7278,5302,3602,12335,3.41,254,1792,620000,305224.5
2025-05,WH-NA-01,Newark DC,North America,DrugX,Nephrolyte,0,1.85,51982.0,22473,20574,11124,38091,2.31,152,2072,620000,96166.7
2025-05,WH-NA-01,Newark DC,North America,DrugY,Cardiovex,0,2.4,152875.0,39795,35131,19698,67452,3.84,474,5835,620000,366900.0
2025-06,WH-NA-01,Newark DC,North America,DrugA,Angiotrol,1,9.6,15051.0,9666,8665,4784,16383,1.56,285,2824,620000,144489.6
2025-06,WH-NA-01,Newark DC,North America,DrugB,Betacor,0,3.15,21519.0,7314,7152,3620,12396,2.94,466,629,620000,67784.85
2025-06,WH-NA-01,Newark DC,North America,DrugC,Cholestat,1,12.3,9005.0,6546,6438,3240,11095,1.38,239,539,620000,110761.5
2025-06,WH-NA-01,Newark DC,North America,DrugX,Nephrolyte,0,1.85,90535.0,21784,21155,10783,36923,4.16,599,5996,620000,167489.75
2025-06,WH-NA-01,Newark DC,North America,DrugY,Cardiovex,0,2.4,148734.0,40234,40234,19915,68195,3.7,317,14928,620000,356961.6
2025-07,WH-NA-01,Newark DC,North America,DrugA,Angiotrol,1,9.6,15399.0,9547,9547,4725,16181,1.61,108,660,620000,147830.4
2025-07,WH-NA-01,Newark DC,North America,DrugB,Betacor,0,3.15,18332.0,6990,6565,3460,11848,2.62,379,1635,620000,57745.8
2025-07,WH-NA-01,Newark DC,North America,DrugC,Cholestat,1,12.3,8682.0,6855,6811,3393,11619,1.27,155,1987,620000,106788.6
2025-07,WH-NA-01,Newark DC,North America,DrugX,Nephrolyte,0,1.85,,22779,20119,11275,38609,4.49,327,30809,620000,189119.95
2025-07,WH-NA-01,Newark DC,North America,DrugY,Cardiovex,0,2.4,107281.0,38268,38268,18942,64863,2.8,320,9461,620000,257474.4
2025-08,WH-NA-01,Newark DC,North America,DrugA,Angiotrol,1,9.6,19375.0,9511,9511,4707,16120,2.04,91,5075,620000,186000.0
2025-08,WH-NA-01,Newark DC,North America,DrugB,Betacor,0,3.15,20898.0,6794,6383,3363,11515,3.08,260,2311,620000,65828.7
2025-08,WH-NA-01,Newark DC,North America,DrugC,Cholestat,1,12.3,9363.0,7332,6809,3629,12427,1.28,200,3286,620000,115164.9
2025-08,WH-NA-01,Newark DC,North America,DrugX,Nephrolyte,0,1.85,96166.0,23107,22288,11437,39165,4.16,392,4179,620000,177907.1
2025-08,WH-NA-01,Newark DC,North America,DrugY,Cardiovex,0,2.4,137881.0,40225,34249,19911,68181,3.43,687,3079,620000,330914.4
2025-09,WH-NA-01,Newark DC,North America,DrugA,Angiotrol,1,9.6,25328.0,10692,10406,5292,18122,2.37,248,1004,620000,243148.8
2025-09,WH-NA-01,Newark DC,North America,DrugB,Betacor,0,3.15,38849.0,6911,6354,3420,11713,5.62,182,11863,620000,122374.35
2025-09,WH-NA-01,Newark DC,North America,DrugC,Cholestat,1,12.3,14302.0,7567,6743,3745,12825,1.89,212,1231,620000,175914.6
2025-09,WH-NA-01,Newark DC,North America,DrugX,Nephrolyte,0,1.85,70119.0,27420,24400,13572,46476,2.56,501,5306,620000,129720.15
2025-09,WH-NA-01,Newark DC,North America,DrugY,Cardiovex,0,2.4,163617.0,39705,35702,19653,67299,4.12,418,17052,620000,392680.8
2025-10,WH-NA-01,Newark DC,North America,DrugA,Angiotrol,1,9.6,12198.0,11695,11115,5789,19823,1.04,280,1612,620000,117100.8
2025-10,WH-NA-01,Newark DC,North America,DrugB,Betacor,0,3.15,,7791,7593,3856,13205,1.35,400,934,620000,33122.25
2025-10,WH-NA-01,Newark DC,North America,DrugC,Cholestat,1,12.3,20285.0,8609,7024,4261,14591,2.36,167,3751,620000,249505.5
2025-10,WH-NA-01,Newark DC,North America,DrugX,Nephrolyte,0,1.85,59406.0,29904,29904,14802,50686,1.99,188,12758,620000,109901.1
2025-10,WH-NA-01,Newark DC,North America,DrugY,Cardiovex,0,2.4,114319.0,43460,37219,21512,73664,2.63,524,5450,620000,274365.6
2025-11,WH-NA-01,Newark DC,North America,DrugA,Angiotrol,1,9.6,25574.0,12981,12719,6425,22002,1.97,254,246,620000,245510.4
2025-11,WH-NA-01,Newark DC,North America,DrugB,Betacor,0,3.15,40265.0,9116,9009,4512,15451,4.42,428,9158,620000,126834.75
2025-11,WH-NA-01,Newark DC,North America,DrugC,Cholestat,1,12.3,1748.0,8741,8451,4326,14815,0.2,230,72,620000,21500.4
2025-11,WH-NA-01,Newark DC,North America,DrugX,Nephrolyte,0,1.85,73211.0,29695,29695,14699,50333,2.47,445,12390,620000,135440.35
2025-11,WH-NA-01,Newark DC,North America,DrugY,Cardiovex,0,2.4,200413.0,51668,44040,25575,87576,3.88,456,10870,620000,480991.2
2025-12,WH-NA-01,Newark DC,North America,DrugA,Angiotrol,1,9.6,26507.0,13538,13220,6701,22946,1.96,365,1378,620000,254467.2
2025-12,WH-NA-01,Newark DC,North America,DrugB,Betacor,0,3.15,37057.0,9288,9221,4597,15742,3.99,400,960,620000,116729.55
2025-12,WH-NA-01,Newark DC,North America,DrugC,Cholestat,1,12.3,32040.0,9890,8667,4895,16763,3.24,143,917,620000,394092.0
2025-12,WH-NA-01,Newark DC,North America,DrugX,Nephrolyte,0,1.85,69882.0,33073,32381,16371,56058,2.11,390,5494,620000,129281.7
2025-12,WH-NA-01,Newark DC,North America,DrugY,Cardiovex,0,2.4,288394.0,53668,50008,26565,90966,5.37,467,75075,620000,692145.6
2023-01,WH-NA-02,Memphis Hub,North America,DrugA,Angiotrol,1,9.6,33726.0,10992,10942,5441,18631,3.07,350,6518,480000,323769.6
2023-01,WH-NA-02,Memphis Hub,North America,DrugB,Betacor,0,3.15,30761.0,7777,7777,3849,13181,3.96,440,429,480000,96897.15
2023-01,WH-NA-02,Memphis Hub,North America,DrugC,Cholestat,1,12.3,11625.0,7817,7433,3869,13249,1.49,309,828,480000,142987.5
2023-01,WH-NA-02,Memphis Hub,North America,DrugX,Nephrolyte,0,1.85,30384.0,24890,21503,12320,42188,1.22,266,5066,480000,56210.4
2023-01,WH-NA-02,Memphis Hub,North America,DrugY,Cardiovex,0,2.4,109334.0,43891,42730,21726,74395,2.49,312,12224,480000,262401.6
2023-02,WH-NA-02,Memphis Hub,North America,DrugA,Angiotrol,1,9.6,22170.0,10971,9960,5430,18595,2.02,426,3639,480000,212832.0
2023-02,WH-NA-02,Memphis Hub,North America,DrugB,Betacor,0,3.15,14043.0,7739,7088,3830,13116,1.81,391,957,480000,44235.45
2023-02,WH-NA-02,Memphis Hub,North America,DrugC,Cholestat,1,12.3,14622.0,7764,7651,3843,13159,1.88,59,4024,480000,179850.6
2023-02,WH-NA-02,Memphis Hub,North America,DrugX,Nephrolyte,0,1.85,96356.0,26611,22706,13172,45105,3.62,253,12124,480000,178258.6
2023-02,WH-NA-02,Memphis Hub,North America,DrugY,Cardiovex,0,2.4,122545.0,43003,40236,21286,72889,2.85,596,3018,480000,294108.0
2023-03,WH-NA-02,Memphis Hub,North America,DrugA,Angiotrol,1,9.6,21823.0,10316,9458,5106,17485,2.12,107,2292,480000,209500.8
2023-03,WH-NA-02,Memphis Hub,North America,DrugB,Betacor,0,3.15,,7606,7060,3764,12891,3.51,323,3133,480000,84145.95
2023-03,WH-NA-02,Memphis Hub,North America,DrugC,Cholestat,1,12.3,8592.0,7286,7286,3606,12349,1.18,145,351,480000,105681.6
2023-03,WH-NA-02,Memphis Hub,North America,DrugX,Nephrolyte,0,1.85,75869.0,23224,21988,11495,39363,3.27,248,4109,480000,140357.65
2023-03,WH-NA-02,Memphis Hub,North America,DrugY,Cardiovex,0,2.4,119493.0,40226,38060,19911,68182,2.97,521,5195,480000,286783.2
2023-04,WH-NA-02,Memphis Hub,North America,DrugA,Angiotrol,1,9.6,20958.0,9161,8472,4534,15527,2.29,194,1643,480000,201196.8
2023-04,WH-NA-02,Memphis Hub,North America,DrugB,Betacor,0,3.15,20972.0,6713,6334,3322,11377,3.12,120,3305,480000,66061.8
2023-04,WH-NA-02,Memphis Hub,North America,DrugC,Cholestat,1,12.3,13950.0,6541,6047,3237,11086,2.13,261,478,480000,171585.0
2023-04,WH-NA-02,Memphis Hub,North America,DrugX,Nephrolyte,0,1.85,89208.0,24802,23192,12276,42038,3.6,282,2494,480000,165034.8
2023-04,WH-NA-02,Memphis Hub,North America,DrugY,Cardiovex,0,2.4,,38258,35635,18937,64846,3.57,408,14461,480000,327532.8
2023-05,WH-NA-02,Memphis Hub,North America,DrugA,Angiotrol,1,9.6,10188.0,8484,8190,4199,14379,1.2,316,279,480000,97804.8
2023-05,WH-NA-02,Memphis Hub,North America,DrugB,Betacor,0,3.15,12975.0,6585,6585,3259,11161,1.97,390,2476,480000,40871.25
2023-05,WH-NA-02,Memphis Hub,north america,DrugC,Cholestat,1,12.3,9845.0,6421,6307,3178,10883,1.53,90,103,480000,121093.5
2023-05,WH-NA-02,Memphis Hub,North America,DrugX,Nephrolyte,0,1.85,59799.0,20583,18454,10188,34887,2.91,539,1784,480000,110628.15
2023-05,WH-NA-02,Memphis Hub,North America,DrugY,Cardiovex,0,2.4,173947.0,36729,34501,18180,62254,4.74,505,10867,480000,417472.8
2023-06,WH-NA-02,Memphis Hub,North America,DrugA,Angiotrol,1,9.6,9551.0,8175,8175,4046,13856,1.17,252,1661,480000,91689.6
2023-06,WH-NA-02,Memphis Hub,North America,DrugB,Betacor,0,3.15,19818.0,6208,6151,3072,10521,3.19,404,1183,480000,62426.7
2023-06,WH-NA-02,Memphis Hub,North America,DrugC,Cholestat,1,12.3,14137.0,5660,5219,2801,9593,2.5,23,1273,480000,173885.1
2023-06,WH-NA-02,Memphis Hub,North America,DrugX,Nephrolyte,0,1.85,76161.0,19509,19385,9656,33066,3.9,519,8864,480000,140897.85
2023-06,WH-NA-02,Memphis Hub,North America,DrugY,Cardiovex,0,2.4,116103.0,34534,33795,17094,58534,3.36,528,26999,480000,278647.2
2023-07,WH-NA-02,Memphis Hub,north america,DrugA,Angiotrol,1,9.6,5651.0,7468,6990,3696,12657,0.76,267,82,480000,54249.6
2023-07,WH-NA-02,Memphis Hub,North America,DrugB,Betacor,0,3.15,15793.0,6135,5865,3036,10398,2.57,501,638,480000,49747.95
2023-07,WH-NA-02,Memphis Hub,North America,DrugC,Cholestat,1,12.3,12958.0,5632,5632,2787,9545,2.3,70,112,480000,159383.4
2023-07,WH-NA-02,Memphis Hub,North America,DrugX,Nephrolyte,0,1.85,27345.0,18568,17903,9191,31472,1.47,409,1143,480000,50588.25
2023-07,WH-NA-02,Memphis Hub,North America,DrugY,Cardiovex,0,2.4,57641.0,32827,32827,16249,55641,1.76,392,7540,480000,138338.4
2023-08,WH-NA-02,Memphis Hub,North America,DrugA,Angiotrol,1,9.6,8024.0,8604,8604,4258,14582,0.93,361,449,480000,77030.4
2023-08,WH-NA-02,Memphis Hub,North America,DrugB,Betacor,0,3.15,22778.0,6210,6047,3073,10525,3.67,361,598,480000,71750.7
2023-08,WH-NA-02,Memphis Hub,North America,DrugC,Cholestat,1,12.3,10824.0,5727,5150,2834,9706,1.89,73,784,480000,133135.2
2023-08,WH-NA-02,Memphis Hub,North America,DrugX,Nephrolyte,0,1.85,79346.0,21064,20624,10426,35702,3.77,349,1538,480000,146790.1
2023-08,WH-NA-02,Memphis Hub,North America,DrugY,Cardiovex,0,2.4,111536.0,33006,32018,16337,55944,3.38,516,3353,480000,267686.4
2023-09,WH-NA-02,Memphis Hub,North America,DrugA,Angiotrol,1,9.6,18760.0,9838,9838,4869,16674,1.91,333,1195,480000,180096.0
2023-09,WH-NA-02,Memphis Hub,North America,DrugB,Betacor,0,3.15,24607.0,6734,5722,3333,11413,3.65,247,3511,480000,77512.05
2023-09,WH-NA-02,Memphis Hub,North America,DrugC,Cholestat,1,12.3,7144.0,5863,5863,2902,9937,1.22,165,1207,480000,87871.2
2023-09,WH-NA-02,Memphis Hub,North America,DrugX,Nephrolyte,0,1.85,72452.0,21681,19659,10732,36749,3.34,718,7620,480000,134036.2
2023-09,WH-NA-02,Memphis Hub,North America,DrugY,Cardiovex,0,2.4,112095.0,35199,34099,17423,59661,3.18,214,26791,480000,269028.0
2023-10,WH-NA-02,Memphis Hub,North America,DrugA,Angiotrol,1,9.6,31409.0,9388,8436,4647,15912,3.35,191,3140,480000,301526.4
2023-10,WH-NA-02,Memphis Hub,North America,DrugB,Betacor,0,3.15,18826.0,6647,5881,3290,11266,2.83,485,1664,480000,59301.9
2023-10,WH-NA-02,Memphis Hub,North America,DrugC,Cholestat,1,12.3,16727.0,7630,6280,3776,12932,2.19,482,2804,480000,205742.1
2023-10,WH-NA-02,Memphis Hub,North America,DrugX,Nephrolyte,0,1.85,54829.0,23337,21996,11551,39555,2.35,316,2462,480000,101433.65
2023-10,WH-NA-02,Memphis Hub,North America,DrugY,Cardiovex,0,2.4,134746.0,37155,36489,18391,62977,3.63,614,27342,480000,323390.4
2023-11,WH-NA-02,Memphis Hub,North America,DrugA,Angiotrol,1,9.6,29653.0,10149,9534,5023,17201,2.92,65,1528,480000,284668.8
2023-11,WH-NA-02,Memphis Hub,North America,DrugB,Betacor,0,3.15,31370.0,7747,7203,3834,13130,4.05,349,2319,480000,98815.5
2023-11,WH-NA-02,Memphis Hub,North America,DrugC,Cholestat,1,12.3,27791.0,7596,7081,3760,12875,3.66,13,1190,480000,341829.3
2023-11,WH-NA-02,Memphis Hub,North America,DrugX,Nephrolyte,0,1.85,63360.0,25608,23434,12675,43404,2.47,424,12964,480000,117216.0
2023-11,WH-NA-02,Memphis Hub,North America,DrugY,Cardiovex,0,2.4,155315.0,43420,41956,21492,73596,3.58,506,23350,480000,372756.0
2023-12,WH-NA-02,Memphis Hub,North America,DrugA,Angiotrol,1,9.6,2645.0,11923,11923,5901,20208,0.22,296,39,480000,25392.0
2023-12,WH-NA-02,Memphis Hub,North America,DrugB,Betacor,0,3.15,15284.0,7961,7567,3940,13493,1.92,431,781,480000,48144.6
2023-12,WH-NA-02,Memphis Hub,North America,DrugC,Cholestat,1,12.3,12575.0,8012,7268,3965,13579,1.57,513,2500,480000,154672.5
2023-12,WH-NA-02,Memphis Hub,North America,DrugX,Nephrolyte,0,1.85,75181.0,27422,27422,13573,46479,2.74,284,5574,480000,139084.85
2023-12,WH-NA-02,Memphis Hub,North America,DrugY,Cardiovex,0,2.4,84845.0,48485,45945,24000,82182,1.75,638,5041,480000,203628.0
2024-01,WH-NA-02,Memphis Hub,North America,DrugA,Angiotrol,1,9.6,34589.0,12093,10913,5986,20497,2.86,263,6065,480000,332054.4
2024-01,WH-NA-02,Memphis Hub,North America,DrugB,Betacor,0,3.15,29449.0,7867,7623,3894,13334,3.74,328,1141,480000,92764.35
2024-01,WH-NA-02,Memphis Hub,North America,DrugC,Cholestat,1,12.3,4805.0,8025,7792,3972,13602,0.6,258,396,480000,59101.5
2024-01,WH-NA-02,Memphis Hub,North America,DrugX,Nephrolyte,0,1.85,104980.0,31491,28575,15588,53377,3.33,282,9761,480000,194213.0
2024-01,WH-NA-02,Memphis Hub,North America,DrugY,Cardiovex,0,2.4,175465.0,46492,44746,23013,78803,3.77,533,1201,480000,421116.0
2024-02,WH-NA-02,Memphis Hub,North America,DrugA,Angiotrol,1,9.6,6188.0,12153,11711,6015,20598,0.51,45,587,480000,59404.8
2024-02,WH-NA-02,Memphis Hub,North America,DrugB,Betacor,0,3.15,25268.0,8359,8186,4137,14167,3.02,215,6670,480000,79594.2
2024-02,WH-NA-02,Memphis Hub,North America,DrugC,Cholestat,1,12.3,9086.0,8917,7628,4413,15113,1.02,285,1213,480000,111757.8
2024-02,WH-NA-02,Memphis Hub,North America,DrugX,Nephrolyte,0,1.85,90276.0,26648,25190,13190,45167,3.39,611,1486,480000,167010.6
2024-02,WH-NA-02,Memphis Hub,North America,DrugY,Cardiovex,0,2.4,194446.0,47292,45312,23409,80159,4.11,654,25371,480000,466670.4
2024-03,WH-NA-02,Memphis Hub,North America,DrugA,Angiotrol,1,9.6,20529.0,10556,10403,5225,17892,1.94,301,1076,480000,197078.4
2024-03,WH-NA-02,Memphis Hub,North America,DrugB,Betacor,0,3.15,28140.0,7913,7913,3916,13411,3.56,563,1042,480000,88641.0
2024-03,WH-NA-02,Memphis Hub,North America,DrugC,Cholestat,1,12.3,2952.0,7135,6453,3531,12093,0.41,86,76,480000,36309.6
2024-03,WH-NA-02,Memphis Hub,North America,DrugX,Nephrolyte,0,1.85,100810.0,24317,22674,12036,41216,4.15,353,15778,480000,186498.5
2024-03,WH-NA-02,Memphis Hub,North America,DrugY,Cardiovex,0,2.4,79544.0,42137,39918,20857,71421,1.89,499,1565,480000,190905.6
2024-04,WH-NA-02,Memphis Hub,North America,DrugA,Angiotrol,1,9.6,15873.0,10223,9866,5060,17327,1.55,333,1344,480000,152380.8
2024-04,WH-NA-02,Memphis Hub,North America,DrugB,Betacor,0,3.15,15214.0,7757,7579,3839,13147,1.96,352,2175,480000,47924.1
2024-04,WH-NA-02,Memphis Hub,North America,DrugC,Cholestat,1,12.3,8886.0,7351,7351,3638,12459,1.21,89,520,480000,109297.8
2024-04,WH-NA-02,Memphis Hub,North America,DrugX,Nephrolyte,0,1.85,37330.0,23891,22694,11826,40495,1.56,518,292,480000,69060.5
2024-04,WH-NA-02,Memphis Hub,North America,DrugY,Cardiovex,0,2.4,,41078,36696,20333,69626,2.2,422,2853,480000,217005.6
2024-05,WH-NA-02,Memphis Hub,North America,DrugA,Angiotrol,1,9.6,24162.0,9079,8867,4494,15388,2.66,310,2062,480000,231955.2
2024-05,WH-NA-02,Memphis Hub,North America,DrugB,Betacor,0,3.15,22487.0,6808,6675,3369,11538,3.3,283,1480,480000,70834.05
2024-05,WH-NA-02,Memphis Hub,North America,DrugC,Cholestat,1,12.3,14616.0,6174,5342,3056,10464,2.37,230,2314,480000,179776.8
2024-05,WH-NA-02,Memphis Hub,North America,DrugX,Nephrolyte,0,1.85,46078.0,21906,21906,10843,37130,2.1,330,6010,480000,85244.3
2024-05,WH-NA-02,Memphis Hub,North America,DrugY,Cardiovex,0,2.4,156460.0,35922,31494,17781,60887,4.36,442,6247,480000,375504.0
2024-06,WH-NA-02,Memphis Hub,North America,DrugA,Angiotrol,1,9.6,14469.0,9233,8191,4570,15649,1.57,178,512,480000,138902.4
2024-06,WH-NA-02,Memphis Hub,North America,DrugB,Betacor,0,3.15,6733.0,6286,5426,3111,10654,1.07,351,1888,480000,21208.95
2024-06,WH-NA-02,Memphis Hub,North America,DrugC,Cholestat,1,12.3,6547.0,5981,5613,2960,10137,1.09,82,723,480000,80528.1
2024-06,WH-NA-02,Memphis Hub,north america,DrugX,Nephrolyte,0,1.85,82983.0,21194,18038,10491,35923,3.92,196,4102,480000,153518.55
2024-06,WH-NA-02,Memphis Hub,North America,DrugY,Cardiovex,0,2.4,20081.0,32753,29703,16212,55515,0.61,632,343,480000,48194.4
2024-07,WH-NA-02,Memphis Hub,North America,DrugA,Angiotrol,1,9.6,8892.0,8371,7882,4143,14188,1.06,98,1054,480000,85363.2
2024-07,WH-NA-02,Memphis Hub,North America,DrugB,Betacor,0,3.15,,5846,5542,2893,9908,3.57,426,1493,480000,65794.05
2024-07,WH-NA-02,Memphis Hub,North America,DrugC,Cholestat,1,12.3,1292.0,6462,6462,3198,10952,0.2,132,57,480000,15891.6
2024-07,WH-NA-02,Memphis Hub,North America,DrugX,Nephrolyte,0,1.85,31728.0,19425,19387,9615,32925,1.63,699,1566,480000,58696.8
2024-07,WH-NA-02,Memphis Hub,North America,DrugY,Cardiovex,0,2.4,83007.0,33802,31386,16731,57293,2.46,411,17250,480000,199216.8
2024-08,WH-NA-02,Memphis Hub,North America,DrugA,Angiotrol,1,9.6,11508.0,8405,8061,4160,14246,1.37,241,2154,480000,110476.8
2024-08,WH-NA-02,Memphis Hub,North America,DrugB,Betacor,0,3.15,28989.0,6298,5880,3117,10674,4.6,435,1788,480000,91315.35
2024-08,WH-NA-02,Memphis Hub,North America,DrugC,Cholestat,1,12.3,5098.0,6204,5583,3070,10514,0.82,100,697,480000,62705.4
2024-08,WH-NA-02,Memphis Hub,North America,DrugX,Nephrolyte,0,1.85,68334.0,21887,21387,10834,37098,3.12,525,9194,480000,126417.9
2024-08,WH-NA-02,Memphis Hub,North America,DrugY,Cardiovex,0,2.4,60309.0,34812,28864,17231,59005,1.73,428,6174,480000,144741.6
2024-09,WH-NA-02,Memphis Hub,North America,DrugA,Angiotrol,1,9.6,2086.0,10430,10139,5162,17678,0.2,416,323,480000,20025.6
2024-09,WH-NA-02,Memphis Hub,North America,DrugB,Betacor,0,3.15,29866.0,7113,6596,3520,12055,4.2,214,3914,480000,94077.9
2024-09,WH-NA-02,Memphis Hub,North America,DrugC,Cholestat,1,12.3,12146.0,6701,6603,3316,11357,1.81,415,2299,480000,149395.8
2024-09,WH-NA-02,Memphis Hub,North America,DrugX,Nephrolyte,0,1.85,84546.0,23064,22754,11416,39092,3.67,428,17698,480000,156410.1
2024-09,WH-NA-02,Memphis Hub,North America,DrugY,Cardiovex,0,2.4,96282.0,38105,38105,18861,64587,2.53,397,9242,480000,231076.8
2024-10,WH-NA-02,Memphis Hub,North America,DrugA,Angiotrol,1,9.6,28842.0,10485,8991,5190,17772,2.75,446,687,480000,276883.2
2024-10,WH-NA-02,Memphis Hub,North America,DrugB,Betacor,0,3.15,27177.0,7418,7418,3671,12572,3.66,352,3736,480000,85607.55
2024-10,WH-NA-02,Memphis Hub,North America,DrugC,Cholestat,1,12.3,14354.0,7934,7396,3927,13447,1.81,356,2273,480000,176554.2
2024-10,WH-NA-02,Memphis Hub,North America,DrugX,Nephrolyte,0,1.85,117998.0,24379,24379,12067,41321,4.84,292,23172,480000,218296.3
2024-10,WH-NA-02,Memphis Hub,North America,DrugY,Cardiovex,0,2.4,194608.0,44509,44509,22031,75441,4.37,314,3928,480000,467059.2
2024-11,WH-NA-02,Memphis Hub,North America,DrugA,Angiotrol,1,9.6,30394.0,12069,12069,5974,20456,2.52,469,7898,480000,291782.4
2024-11,WH-NA-02,Memphis Hub,North America,DrugB,Betacor,0,3.15,22770.0,8163,8163,4040,13835,2.79,241,2950,480000,71725.5
2024-11,WH-NA-02,Memphis Hub,North America,DrugC,Cholestat,1,12.3,1754.0,8771,8313,4341,14866,0.2,513,329,480000,21574.2
2024-11,WH-NA-02,Memphis Hub,North America,DrugX,Nephrolyte,0,1.85,83737.0,28408,27426,14061,48150,2.95,447,8323,480000,154913.45
2024-11,WH-NA-02,Memphis Hub,North America,DrugY,Cardiovex,0,2.4,142586.0,44040,41633,21799,74647,3.24,485,13425,480000,342206.4
2024-12,WH-NA-02,Memphis Hub,North America,DrugA,Angiotrol,1,9.6,29895.0,12572,11061,6223,21309,2.38,308,4637,480000,286992.0
2024-12,WH-NA-02,Memphis Hub,North America,DrugB,Betacor,0,3.15,31014.0,8788,7859,4350,14895,3.53,286,7429,480000,97694.1
2024-12,WH-NA-02,Memphis Hub,North America,DrugC,Cholestat,1,12.3,11523.0,8895,8568,4403,15077,1.3,318,3126,480000,141732.9
2024-12,WH-NA-02,Memphis Hub,North America,DrugX,Nephrolyte,0,1.85,88829.0,29988,28836,14844,50829,2.96,408,13093,480000,164333.65
2024-12,WH-NA-02,Memphis Hub,North America,DrugY,Cardiovex,0,2.4,123960.0,53155,52497,26311,90097,2.33,664,16159,480000,297504.0
2025-01,WH-NA-02,Memphis Hub,North America,DrugA,Angiotrol,1,9.6,47156.0,12669,11769,6271,21473,3.72,120,8137,480000,452697.6
2025-01,WH-NA-02,Memphis Hub,North America,DrugB,Betacor,0,3.15,25340.0,8327,8011,4121,14113,3.04,326,6029,480000,79821.0
2025-01,WH-NA-02,Memphis Hub,North America,DrugC,Cholestat,1,12.3,17122.0,9425,7901,4665,15975,1.82,320,1297,480000,210600.6
2025-01,WH-NA-02,Memphis Hub,North America,DrugX,Nephrolyte,0,1.85,101729.0,31045,31045,15367,52621,3.28,294,17304,480000,188198.65
2025-01,WH-NA-02,Memphis Hub,North America,DrugY,Cardiovex,0,2.4,119751.0,52051,43958,25765,88226,2.3,517,23845,480000,287402.4
2025-02,WH-NA-02,Memphis Hub,North America,DrugA,Angiotrol,1,9.6,24650.0,13101,12252,6484,22205,1.88,269,2850,480000,236640.0
2025-02,WH-NA-02,Memphis Hub,North America,DrugB,Betacor,0,3.15,29276.0,8378,8378,4147,14200,3.49,346,483,480000,92219.4
2025-02,WH-NA-02,Memphis Hub,North America,DrugC,Cholestat,1,12.3,7867.0,8931,8929,4420,15137,0.88,168,60,480000,96764.1
2025-02,WH-NA-02,Memphis Hub,N. America,DrugX,Nephrolyte,0,1.85,61619.0,29194,28493,14451,49483,2.11,300,3449,480000,113995.15
2025-02,WH-NA-02,Memphis Hub,North America,DrugY,Cardiovex,0,2.4,152871.0,47832,47832,23676,81074,3.2,540,8457,480000,366890.4
2025-03,WH-NA-02,Memphis Hub,North America,DrugA,Angiotrol,1,9.6,16114.0,10123,10123,5010,17157,1.59,438,4372,480000,154694.4
2025-03,WH-NA-02,Memphis Hub,North America,DrugB,Betacor,0,3.15,25496.0,8390,7678,4153,14221,3.04,337,8577,480000,80312.4
2025-03,WH-NA-02,Memphis Hub,N. America,DrugC,Cholestat,1,12.3,10145.0,8309,8257,4112,14082,1.22,5,3636,480000,124783.5
2025-03,WH-NA-02,Memphis Hub,North America,DrugX,Nephrolyte,0,1.85,125032.0,29958,24030,14829,50778,4.17,341,2235,480000,231309.2
2025-03,WH-NA-02,Memphis Hub,North America,DrugY,Cardiovex,0,2.4,127172.0,44415,42049,21985,75283,2.86,375,6293,480000,305212.8
2025-04,WH-NA-02,Memphis Hub,north america,DrugA,Angiotrol,1,9.6,14710.0,10827,10360,5359,18351,1.36,400,3415,480000,141216.0
2025-04,WH-NA-02,Memphis Hub,North America,DrugB,Betacor,0,3.15,16350.0,6747,6438,3339,11435,2.42,240,1557,480000,51502.5
2025-04,WH-NA-02,Memphis Hub,North America,DrugC,Cholestat,1,12.3,15526.0,8037,7211,3978,13622,1.93,275,5066,480000,190969.8
2025-04,WH-NA-02,Memphis Hub,North America,DrugX,Nephrolyte,0,1.85,89360.0,28332,25198,14024,48022,3.15,332,19061,480000,165316.0
2025-04,WH-NA-02,Memphis Hub,North America,DrugY,Cardiovex,0,2.4,133363.0,47165,42993,23346,79944,2.83,603,1589,480000,320071.2
2025-05,WH-NA-02,Memphis Hub,North America,DrugA,Angiotrol,1,9.6,10097.0,9444,8901,4674,16006,1.07,421,1280,480000,96931.2
2025-05,WH-NA-02,Memphis Hub,North America,DrugB,Betacor,0,3.15,33029.0,7269,6876,3598,12320,4.54,432,915,480000,104041.35
2025-05,WH-NA-02,Memphis Hub,North America,DrugC,Cholestat,1,12.3,,7278,6409,3602,12335,0.94,250,915,480000,84501.0
2025-05,WH-NA-02,Memphis Hub,North America,DrugX,Nephrolyte,0,1.85,83519.0,22473,21974,11124,38091,3.72,310,1184,480000,154510.15
2025-05,WH-NA-02,Memphis Hub,North America,DrugY,Cardiovex,0,2.4,123850.0,39795,36947,19698,67452,3.11,508,15118,480000,297240.0
2025-06,WH-NA-02,Memphis Hub,North America,DrugA,Angiotrol,1,9.6,11448.0,9666,9222,4784,16383,1.18,211,1160,480000,109900.8
2025-06,WH-NA-02,Memphis Hub,North America,DrugB,Betacor,0,3.15,30239.0,7314,7314,3620,12396,4.13,258,1569,480000,95252.85
2025-06,WH-NA-02,Memphis Hub,North America,DrugC,Cholestat,1,12.3,13964.0,6546,6546,3240,11095,2.13,202,929,480000,171757.2
2025-06,WH-NA-02,Memphis Hub,North America,DrugX,Nephrolyte,0,1.85,62947.0,21784,19036,10783,36923,2.89,395,6319,480000,116451.95
2025-06,WH-NA-02,Memphis Hub,North America,DrugY,Cardiovex,0,2.4,201829.0,40234,40234,19915,68195,5.02,653,24379,480000,484389.6
2025-07,WH-NA-02,Memphis Hub,North America,DrugA,Angiotrol,1,9.6,26615.0,9547,8449,4725,16181,2.79,346,475,480000,255504.0
2025-07,WH-NA-02,Memphis Hub,North America,DrugB,Betacor,0,3.15,28354.0,6990,6876,3460,11848,4.06,263,4290,480000,89315.1
2025-07,WH-NA-02,Memphis Hub,North America,DrugC,Cholestat,1,12.3,19448.0,6855,5541,3393,11619,2.84,140,1249,480000,239210.4
2025-07,WH-NA-02,Memphis Hub,North America,DrugX,Nephrolyte,0,1.85,47059.0,22779,22779,11275,38609,2.07,345,6534,480000,87059.15
2025-07,WH-NA-02,Memphis Hub,North America,DrugY,Cardiovex,0,2.4,100407.0,38268,35348,18942,64863,2.62,633,21034,480000,240976.8
2025-08,WH-NA-02,Memphis Hub,North America,DrugA,Angiotrol,1,9.6,25413.0,9511,9041,4707,16120,2.67,246,3897,480000,243964.8
2025-08,WH-NA-02,Memphis Hub,North America,DrugB,Betacor,0,3.15,27052.0,6794,6699,3363,11515,3.98,440,3332,480000,85213.8
2025-08,WH-NA-02,Memphis Hub,North America,DrugC,Cholestat,1,12.3,18240.0,7332,7332,3629,12427,2.49,304,584,480000,224352.0
2025-08,WH-NA-02,Memphis Hub,North America,DrugX,Nephrolyte,0,1.85,86220.0,23107,19238,11437,39165,3.73,368,8017,480000,159507.0
2025-08,WH-NA-02,Memphis Hub,North America,DrugY,Cardiovex,0,2.4,86006.0,40225,40225,19911,68181,2.14,556,11473,480000,206414.4
2025-09,WH-NA-02,Memphis Hub,North America,DrugA,Angiotrol,1,9.6,6250.0,10692,9800,5292,18122,0.58,5,180,480000,60000.0
2025-09,WH-NA-02,Memphis Hub,N. America,DrugB,Betacor,0,3.15,7154.0,6911,5454,3420,11713,1.04,297,496,480000,22535.1
2025-09,WH-NA-02,Memphis Hub,North America,DrugC,Cholestat,1,12.3,7490.0,7567,7416,3745,12825,0.99,143,263,480000,92127.0
2025-09,WH-NA-02,Memphis Hub,North America,DrugX,Nephrolyte,0,1.85,48517.0,27420,26189,13572,46476,1.77,294,4220,480000,89756.45
2025-09,WH-NA-02,Memphis Hub,North America,DrugY,Cardiovex,0,2.4,132312.0,39705,34737,19653,67299,3.33,323,9141,480000,317548.8
2025-10,WH-NA-02,Memphis Hub,North America,DrugA,Angiotrol,1,9.6,13637.0,11695,11557,5789,19823,1.17,268,2907,480000,130915.2
2025-10,WH-NA-02,Memphis Hub,North America,DrugB,Betacor,0,3.15,24992.0,7791,7791,3856,13205,3.21,281,440,480000,78724.8
2025-10,WH-NA-02,Memphis Hub,North America,DrugC,Cholestat,1,12.3,15834.0,8609,8609,4261,14591,1.84,175,329,480000,194758.2
2025-10,WH-NA-02,Memphis Hub,North America,DrugX,Nephrolyte,0,1.85,109795.0,29904,29565,14802,50686,3.67,451,7938,480000,203120.75
2025-10,WH-NA-02,Memphis Hub,North America,DrugY,Cardiovex,0,2.4,167035.0,43460,39134,21512,73664,3.84,601,2824,480000,400884.0
2025-11,WH-NA-02,Memphis Hub,North America,DrugA,Angiotrol,1,9.6,,12981,12397,6425,22002,0.2,135,320,480000,24921.6
2025-11,WH-NA-02,Memphis Hub,North America,DrugB,Betacor,0,3.15,16682.0,9116,9063,4512,15451,1.83,405,2155,480000,52548.3
2025-11,WH-NA-02,Memphis Hub,North America,DrugC,Cholestat,1,12.3,15276.0,8741,8670,4326,14815,1.75,317,372,480000,187894.8
2025-11,WH-NA-02,Memphis Hub,North America,DrugX,Nephrolyte,0,1.85,82034.0,29695,27766,14699,50333,2.76,482,3731,480000,151762.9
2025-11,WH-NA-02,Memphis Hub,North America,DrugY,Cardiovex,0,2.4,189123.0,51668,51668,25575,87576,3.66,603,8475,480000,453895.2
2025-12,WH-NA-02,Memphis Hub,North America,DrugA,Angiotrol,1,9.6,13405.0,13538,12402,6701,22946,0.99,455,2299,480000,128688.0
2025-12,WH-NA-02,Memphis Hub,NORTH AMERICA,DrugB,Betacor,0,3.15,43907.0,9288,9050,4597,15742,4.73,400,2487,480000,138307.05
2025-12,WH-NA-02,Memphis Hub,North America,DrugC,Cholestat,1,12.3,11985.0,9890,9890,4895,16763,1.21,237,459,480000,147415.5
2025-12,WH-NA-02,Memphis Hub,North America,DrugX,Nephrolyte,0,1.85,127653.0,33073,31430,16371,56058,3.86,309,17940,480000,236158.05
2025-12,WH-NA-02,Memphis Hub,North America,DrugY,Cardiovex,0,2.4,155818.0,53668,51582,26565,90966,2.9,604,4636,480000,373963.2
2023-01,WH-EU-01,Rotterdam DC,Europe,DrugA,Angiotrol,1,9.6,15751.0,18158,17597,8988,30777,0.87,176,2164,540000,151209.6
2023-01,WH-EU-01,Rotterdam DC,Europe,DrugB,Betacor,0,3.15,46412.0,12274,11133,6075,20803,3.78,645,4235,540000,146197.8
2023-01,WH-EU-01,Rotterdam DC,Europe,DrugC,Cholestat,1,12.3,17395.0,10945,10945,5417,18551,1.59,171,536,540000,213958.5
2023-01,WH-EU-01,Rotterdam DC,Europe,DrugX,Nephrolyte,0,1.85,152180.0,43199,43199,21383,73221,3.52,325,53297,540000,281533.0
2023-01,WH-EU-01,Rotterdam DC,Europe,DrugY,Cardiovex,0,2.4,167870.0,69598,69598,34451,117968,2.41,697,1197,540000,402888.0
2023-02,WH-EU-01,Rotterdam DC,Europe,DrugA,Angiotrol,1,9.6,36434.0,17129,15870,8478,29032,2.13,151,1658,540000,349766.4
2023-02,WH-EU-01,Rotterdam DC,Europe,DrugB,Betacor,0,3.15,46237.0,11426,10852,5655,19366,4.05,426,5465,540000,145646.55
2023-02,WH-EU-01,Rotterdam DC,Europe,DrugC,Cholestat,1,12.3,23502.0,13087,12746,6478,22182,1.8,277,144,540000,289074.6
2023-02,WH-EU-01,Rotterdam DC,Europe,DrugX,Nephrolyte,0,1.85,82088.0,40739,38134,20165,69051,2.01,527,3021,540000,151862.8
2023-02,WH-EU-01,Rotterdam DC,Europe,DrugY,Cardiovex,0,2.4,199945.0,73767,73502,36514,125034,2.71,516,13916,540000,479868.0
2023-03,WH-EU-01,Rotterdam DC,Europe,DrugA,Angiotrol,1,9.6,33564.0,15614,14328,7728,26464,2.15,325,1164,540000,322214.4
2023-03,WH-EU-01,Rotterdam DC,Europe,DrugB,Betacor,0,3.15,42947.0,11821,10519,5851,20036,3.63,344,3342,540000,135283.05
2023-03,WH-EU-01,Rotterdam DC,Europe,DrugC,Cholestat,1,12.3,14085.0,10715,10456,5303,18161,1.31,152,5304,540000,173245.5
2023-03,WH-EU-01,Rotterdam DC,Europe,DrugX,Nephrolyte,0,1.85,67170.0,34411,34213,17033,58326,1.95,420,12945,540000,124264.5
2023-03,WH-EU-01,Rotterdam DC,Europe,DrugY,Cardiovex,0,2.4,187767.0,59369,59369,29387,100629,3.16,409,49350,540000,450640.8
2023-04,WH-EU-01,Rotterdam DC,Europe,DrugA,Angiotrol,1,9.6,2884.0,14423,12892,7139,24446,0.2,374,605,540000,27686.4
2023-04,WH-EU-01,Rotterdam DC,Europe,DrugB,Betacor,0,3.15,26533.0,11251,10289,5569,19070,2.36,503,1315,540000,83578.95
2023-04,WH-EU-01,Rotterdam DC,Europe ,DrugC,Cholestat,1,12.3,12801.0,10812,8549,5351,18325,1.18,209,1896,540000,157452.3
2023-04,WH-EU-01,Rotterdam DC,Europe,DrugX,Nephrolyte,0,1.85,103475.0,35925,35359,17782,60892,2.88,304,11646,540000,191428.75
2023-04,WH-EU-01,Rotterdam DC,Europe,DrugY,Cardiovex,0,2.4,174361.0,58961,55707,29185,99938,2.96,534,17822,540000,418466.4
2023-05,WH-EU-01,Rotterdam DC,Europe,DrugA,Angiotrol,1,9.6,2714.0,13570,13273,6717,23001,0.2,329,261,540000,26054.4
2023-05,WH-EU-01,Rotterdam DC,Europe,DrugB,Betacor,0,3.15,35763.0,10098,8500,4998,17115,3.54,179,7599,540000,112653.45
2023-05,WH-EU-01,Rotterdam DC,Europe,DrugC,Cholestat,1,12.3,2035.0,10179,9617,5038,17252,0.2,103,224,540000,25030.5
2023-05,WH-EU-01,Rotterdam DC,Europe,DrugX,Nephrolyte,0,1.85,82909.0,31166,29386,15427,52826,2.66,515,13316,540000,153381.65
2023-05,WH-EU-01,Rotterdam DC,Europe,DrugY,Cardiovex,0,2.4,226575.0,57970,53588,28695,98259,3.91,396,45156,540000,543780.0
2023-06,WH-EU-01,Rotterdam DC,Europe,DrugA,Angiotrol,1,9.6,31432.0,12719,12646,6295,21557,2.47,24,540,540000,301747.2
2023-06,WH-EU-01,Rotterdam DC,Europe,DrugB,Betacor,0,3.15,34939.0,9517,9240,4710,16130,3.67,173,3333,540000,110057.85
2023-06,WH-EU-01,Rotterdam DC,Europe,DrugC,Cholestat,1,12.3,10339.0,9406,9406,4655,15942,1.1,220,1575,540000,127169.7
2023-06,WH-EU-01,Rotterdam DC,Europe,DrugX,Nephrolyte,0,1.85,139503.0,34396,32182,17026,58301,4.06,334,21321,540000,258080.55
2023-06,WH-EU-01,Rotterdam DC,Europe,DrugY,Cardiovex,0,2.4,77229.0,54132,53006,26795,91753,1.43,605,8864,540000,185349.6
2023-07,WH-EU-01,Rotterdam DC,Europe,DrugA,Angiotrol,1,9.6,8193.0,12507,12507,6190,21198,0.66,109,1088,540000,78652.8
2023-07,WH-EU-01,Rotterdam DC,Europe,DrugB,Betacor,0,3.15,20547.0,9427,9174,4666,15978,2.18,356,991,540000,64723.05
2023-07,WH-EU-01,Rotterdam DC,Europe,DrugC,Cholestat,1,12.3,10697.0,9255,9202,4581,15687,1.16,62,1172,540000,131573.1
2023-07,WH-EU-01,Rotterdam DC,Europe,DrugX,Nephrolyte,0,1.85,98839.0,31789,28721,15735,53881,3.11,232,2835,540000,182852.15
2023-07,WH-EU-01,Rotterdam DC,Europe,DrugY,Cardiovex,0,2.4,171206.0,51769,49528,25625,87747,3.31,467,2187,540000,410894.4
2023-08,WH-EU-01,Rotterdam DC,Europe,DrugA,Angiotrol,1,9.6,31534.0,13465,12089,6665,22823,2.34,469,7083,540000,302726.4
2023-08,WH-EU-01,Rotterdam DC,Europe,DrugB,Betacor,0,3.15,27240.0,8992,8319,4451,15241,3.03,440,2813,540000,85806.0
2023-08,WH-EU-01,Rotterdam DC,Europe,DrugC,Cholestat,1,12.3,19241.0,9696,9366,4799,16434,1.98,78,3240,540000,236664.3
2023-08,WH-EU-01,Rotterdam DC,Europe,DrugX,Nephrolyte,0,1.85,56927.0,29648,27584,14675,50252,1.92,455,8615,540000,105314.95
2023-08,WH-EU-01,Rotterdam DC,Europe,DrugY,Cardiovex,0,2.4,229163.0,53158,51195,26313,90102,4.31,524,18616,540000,549991.2
2023-09,WH-EU-01,Rotterdam DC,Europe,DrugA,Angiotrol,1,9.6,43660.0,13743,12552,6802,23293,3.18,248,4097,540000,419136.0
2023-09,WH-EU-01,Rotterdam DC,Europe,DrugB,Betacor,0,3.15,30001.0,10506,9076,5200,17807,2.86,122,6184,540000,94503.15
2023-09,WH-EU-01,Rotterdam DC,Europe,DrugC,Cholestat,1,12.3,20609.0,8946,8946,4428,15163,2.3,276,5524,540000,253490.7
2023-09,WH-EU-01,Rotterdam DC,Europe,DrugX,Nephrolyte,0,1.85,66321.0,33264,33264,16465,56381,1.99,368,4555,540000,122693.85
2023-09,WH-EU-01,Rotterdam DC,Europe,DrugY,Cardiovex,0,2.4,142101.0,62848,62848,31109,106526,2.26,485,27817,540000,341042.4
2023-10,WH-EU-01,Rotterdam DC,Europe,DrugA,Angiotrol,1,9.6,31082.0,17106,14927,8467,28994,1.82,322,4339,540000,298387.2
2023-10,WH-EU-01,Rotterdam DC,Europe,DrugB,Betacor,0,3.15,20845.0,10983,10896,5436,18615,1.9,219,4705,540000,65661.75
2023-10,WH-EU-01,Rotterdam DC,Europe,DrugC,Cholestat,1,12.3,17996.0,11521,10574,5702,19527,1.56,97,5049,540000,221350.8
2023-10,WH-EU-01,Rotterdam DC,Europe,DrugX,Nephrolyte,0,1.85,127547.0,39663,39663,19633,67228,3.22,254,7131,540000,235961.95
2023-10,WH-EU-01,Rotterdam DC,Europe,DrugY,Cardiovex,0,2.4,152057.0,57578,55563,28501,97594,2.64,539,19824,540000,364936.8
2023-11,WH-EU-01,Rotterdam DC,Europe,DrugA,Angiotrol,1,9.6,28240.0,17831,17368,8826,30223,1.58,214,931,540000,271104.0
2023-11,WH-EU-01,Rotterdam DC,Europe,DrugB,Betacor,0,3.15,26806.0,11466,11466,5675,19434,2.34,388,2148,540000,84438.9
2023-11,WH-EU-01,Rotterdam DC,Europe,DrugC,Cholestat,1,12.3,20257.0,11358,11358,5622,19251,1.78,191,2408,540000,249161.1
2023-11,WH-EU-01,Rotterdam DC,Europe,DrugX,Nephrolyte,0,1.85,151229.0,37039,32454,18334,62780,4.08,425,21993,540000,279773.65
2023-11,WH-EU-01,Rotterdam DC,Europe,DrugY,Cardiovex,0,2.4,206677.0,64873,56189,32112,109959,3.19,424,97402,540000,496024.8
2023-12,WH-EU-01,Rotterdam DC,Europe,DrugA,Angiotrol,1,9.6,35545.0,18172,16732,8995,30801,1.96,355,1278,540000,341232.0
2023-12,WH-EU-01,Rotterdam DC,Europe,DrugB,Betacor,0,3.15,57361.0,13370,13080,6618,22662,4.29,308,4609,540000,180687.15
2023-12,WH-EU-01,Rotterdam DC,Europe,DrugC,Cholestat,1,12.3,22748.0,13099,11967,6484,22202,1.74,524,5613,540000,279800.4
2023-12,WH-EU-01,Rotterdam DC,Europe,DrugX,Nephrolyte,0,1.85,142064.0,45938,41750,22739,77864,3.09,535,20076,540000,262818.4
2023-12,WH-EU-01,Rotterdam DC,Europe,DrugY,Cardiovex,0,2.4,188373.0,71464,67158,35374,121130,2.64,564,46093,540000,452095.2
2024-01,WH-EU-01,Rotterdam DC,Europe,DrugA,Angiotrol,1,9.6,49769.0,21266,20779,10526,36045,2.34,88,1780,540000,477782.4
2024-01,WH-EU-01,Rotterdam DC,Europe,DrugB,Betacor,0,3.15,,13596,12832,6730,23045,3.59,186,1331,540000,153798.75
2024-01,WH-EU-01,Rotterdam DC,Europe,DrugC,Cholestat,1,12.3,25153.0,11315,10675,5600,19178,2.22,224,1650,540000,309381.9
2024-01,WH-EU-01,Rotterdam DC,EU,DrugX,Nephrolyte,0,1.85,130983.0,41015,41015,20302,69520,3.19,520,910,540000,242318.55
2024-01,WH-EU-01,Rotterdam DC,Europe,DrugY,Cardiovex,0,2.4,236595.0,69879,69879,34590,118444,3.39,644,43318,540000,567828.0
2024-02,WH-EU-01,Rotterdam DC,Europe,DrugA,Angiotrol,1,9.6,33290.0,19931,17388,9865,33782,1.67,226,2777,540000,319584.0
2024-02,WH-EU-01,Rotterdam DC,Europe,DrugB,Betacor,0,3.15,21167.0,12807,12807,6339,21707,1.65,186,1671,540000,66676.05
2024-02,WH-EU-01,Rotterdam DC,Europe,DrugC,Cholestat,1,12.3,23584.0,13003,11676,6436,22039,1.81,330,5574,540000,290083.2
2024-02,WH-EU-01,Rotterdam DC,Europe,DrugX,Nephrolyte,0,1.85,155899.0,44958,39556,22254,76203,3.47,457,11398,540000,288413.15
2024-02,WH-EU-01,Rotterdam DC,Europe,DrugY,Cardiovex,0,2.4,125531.0,70773,61632,35032,119959,1.77,673,30944,540000,301274.4
2024-03,WH-EU-01,Rotterdam DC,Europe,DrugA,Angiotrol,1,9.6,27000.0,18155,17116,8986,30772,1.49,297,3393,540000,259200.0
2024-03,WH-EU-01,Rotterdam DC,Europe,DrugB,Betacor,0,3.15,38946.0,12320,10296,6098,20882,3.16,5,1363,540000,122679.9
2024-03,WH-EU-01,Rotterdam DC,Europe,DrugC,Cholestat,1,12.3,21741.0,11613,11234,5748,19683,1.87,323,2857,540000,267414.3
2024-03,WH-EU-01,Rotterdam DC,Europe,DrugX,Nephrolyte,0,1.85,138495.0,39639,35906,19621,67187,3.49,411,11478,540000,256215.75
2024-03,WH-EU-01,Rotterdam DC,Europe,DrugY,Cardiovex,0,2.4,196079.0,70333,65398,34814,119213,2.79,572,7821,540000,470589.6
2024-04,WH-EU-01,Rotterdam DC,Europe,DrugA,Angiotrol,1,9.6,,16651,15856,8242,28223,2.11,509,3160,540000,337852.8
2024-04,WH-EU-01,Rotterdam DC,Europe,DrugB,Betacor,0,3.15,46260.0,10766,9840,5329,18248,4.3,398,13798,540000,145719.0
2024-04,WH-EU-01,Rotterdam DC,EU,DrugC,Cholestat,1,12.3,19583.0,11747,10924,5814,19910,1.67,273,2946,540000,240870.9
2024-04,WH-EU-01,Rotterdam DC,Europe,DrugX,Nephrolyte,0,1.85,136889.0,38635,37686,19124,65486,3.54,412,6700,540000,253244.65
2024-04,WH-EU-01,Rotterdam DC,Europe,DrugY,Cardiovex,0,2.4,209629.0,59199,47515,29303,100341,3.54,487,39965,540000,503109.6
2024-05,WH-EU-01,Rotterdam DC,Europe,DrugA,Angiotrol,1,9.6,13786.0,14058,13223,6958,23827,0.98,30,3310,540000,132345.6
2024-05,WH-EU-01,Rotterdam DC,Europe,DrugB,Betacor,0,3.15,30258.0,10138,9917,5018,17183,2.98,435,5764,540000,95312.7
2024-05,WH-EU-01,Rotterdam DC,Europe,DrugC,Cholestat,1,12.3,14584.0,10823,10823,5357,18344,1.35,328,3658,540000,179383.2
2024-05,WH-EU-01,Rotterdam DC,Europe,DrugX,Nephrolyte,0,1.85,112657.0,35117,33192,17382,59522,3.21,360,25613,540000,208415.45
2024-05,WH-EU-01,Rotterdam DC,Europe,DrugY,Cardiovex,0,2.4,93542.0,57867,53360,28644,98084,1.62,452,3983,540000,224500.8
2024-06,WH-EU-01,Rotterdam DC,Europe,DrugA,Angiotrol,1,9.6,21037.0,13672,13394,6767,23173,1.54,286,2817,540000,201955.2
2024-06,WH-EU-01,Rotterdam DC,Europe,DrugB,Betacor,0,3.15,21471.0,9453,8790,4679,16022,2.27,466,1572,540000,67633.65
2024-06,WH-EU-01,Rotterdam DC,Europe,DrugC,Cholestat,1,12.3,20449.0,9517,7934,4710,16130,2.15,376,2586,540000,251522.7
2024-06,WH-EU-01,Rotterdam DC,Europe,DrugX,Nephrolyte,0,1.85,70390.0,36379,36282,18007,61661,1.93,628,4476,540000,130221.5
2024-06,WH-EU-01,Rotterdam DC,Europe,DrugY,Cardiovex,0,2.4,244367.0,58148,56438,28783,98560,4.2,244,77655,540000,586480.8
2024-07,WH-EU-01,Rotterdam DC,Europe,DrugA,Angiotrol,1,9.6,13635.0,13106,12483,6487,22214,1.04,470,696,540000,130896.0
2024-07,WH-EU-01,Rotterdam DC,Europe,DrugB,Betacor,0,3.15,17758.0,9452,8854,4678,16020,1.88,194,2178,540000,55937.7
2024-07,WH-EU-01,Rotterdam DC,Europe,DrugC,Cholestat,1,12.3,10892.0,9654,8868,4778,16362,1.13,175,650,540000,133971.6
2024-07,WH-EU-01,Rotterdam DC,Europe,DrugX,Nephrolyte,0,1.85,114396.0,33182,27612,16425,56243,3.45,474,734,540000,211632.6
2024-07,WH-EU-01,Rotterdam DC,Europe,DrugY,Cardiovex,0,2.4,170323.0,48972,45854,24241,83007,3.48,373,22178,540000,408775.2
2024-08,WH-EU-01,Rotterdam DC,Europe,DrugA,Angiotrol,1,9.6,32216.0,14967,13809,7408,25368,2.15,185,337,540000,309273.6
2024-08,WH-EU-01,Rotterdam DC,Europe,DrugB,Betacor,0,3.15,45496.0,10644,9596,5268,18040,4.27,254,1498,540000,143312.4
2024-08,WH-EU-01,Rotterdam DC,Europe,DrugC,Cholestat,1,12.3,21169.0,10303,9130,5099,17462,2.05,188,1753,540000,260378.7
2024-08,WH-EU-01,Rotterdam DC,Europe,DrugX,Nephrolyte,0,1.85,141795.0,31761,28878,15721,53834,4.46,342,21855,540000,262320.75
2024-08,WH-EU-01,Rotterdam DC,Europe,DrugY,Cardiovex,0,2.4,202197.0,50837,43140,25164,86168,3.98,504,16965,540000,485272.8
2024-09,WH-EU-01,Rotterdam DC,Europe,DrugA,Angiotrol,1,9.6,35122.0,16867,15857,8349,28589,2.08,325,11652,540000,337171.2
2024-09,WH-EU-01,Rotterdam DC,Europe,DrugB,Betacor,0,3.15,42731.0,10515,10463,5204,17822,4.06,469,11978,540000,134602.65
2024-09,WH-EU-01,Rotterdam DC,Europe,DrugC,Cholestat,1,12.3,12524.0,10622,10414,5257,18003,1.18,158,2897,540000,154045.2
2024-09,WH-EU-01,Rotterdam DC,Europe,DrugX,Nephrolyte,0,1.85,37938.0,32479,30777,16077,55051,1.17,433,2477,540000,70185.3
2024-09,WH-EU-01,Rotterdam DC,Europe,DrugY,Cardiovex,0,2.4,126446.0,62903,60659,31136,106619,2.01,276,11638,540000,303470.4
2024-10,WH-EU-01,Rotterdam DC,Europe,DrugA,Angiotrol,1,9.6,35639.0,17131,15614,8479,29036,2.08,179,2856,540000,342134.4
2024-10,WH-EU-01,Rotterdam DC,Europe,DrugB,Betacor,0,3.15,27579.0,11463,10016,5674,19429,2.41,55,5200,540000,86873.85
2024-10,WH-EU-01,Rotterdam DC,Europe,DrugC,Cholestat,1,12.3,3006.0,11044,11013,5466,18718,0.27,19,53,540000,36973.8
2024-10,WH-EU-01,Rotterdam DC,Europe,DrugX,Nephrolyte,0,1.85,133207.0,39074,35393,19341,66229,3.41,427,16936,540000,246432.95
2024-10,WH-EU-01,Rotterdam DC,Europe,DrugY,Cardiovex,0,2.4,167933.0,66110,61625,32724,112056,2.54,378,9883,540000,403039.2
2024-11,WH-EU-01,Rotterdam DC,Europe,DrugA,Angiotrol,1,9.6,20806.0,18836,18836,9323,31926,1.1,136,3885,540000,199737.6
2024-11,WH-EU-01,Rotterdam DC,Europe,DrugB,Betacor,0,3.15,45870.0,13867,13867,6864,23504,3.31,156,1336,540000,144490.5
2024-11,WH-EU-01,Rotterdam DC,EU,DrugC,Cholestat,1,12.3,30855.0,13219,13153,6543,22405,2.33,323,2513,540000,379516.5
2024-11,WH-EU-01,Rotterdam DC,Europe,DrugX,Nephrolyte,0,1.85,246479.0,42457,42457,21016,71964,5.81,359,15070,540000,455986.15
2024-11,WH-EU-01,Rotterdam DC,Europe,DrugY,Cardiovex,0,2.4,352467.0,74840,72263,37045,126853,4.71,550,68283,540000,845920.8
2024-12,WH-EU-01,Rotterdam DC,Europe,DrugA,Angiotrol,1,9.6,28885.0,19811,19255,9806,33579,1.46,5,5125,540000,277296.0
2024-12,WH-EU-01,Rotterdam DC,Europe,DrugB,Betacor,0,3.15,34327.0,13985,13557,6922,23704,2.45,230,977,540000,108130.05
2024-12,WH-EU-01,Rotterdam DC,Europe,DrugC,Cholestat,1,12.3,19759.0,13883,13419,6872,23531,1.42,150,1639,540000,243035.7
2024-12,WH-EU-01,Rotterdam DC,Europe,DrugX,Nephrolyte,0,1.85,153845.0,46854,44449,23192,79416,3.28,457,12617,540000,284613.25
2024-12,WH-EU-01,Rotterdam DC,Europe,DrugY,Cardiovex,0,2.4,,74363,71956,36809,126044,3.16,671,10759,540000,564254.4
2025-01,WH-EU-01,Rotterdam DC,Europe,DrugA,Angiotrol,1,9.6,62972.0,17891,16183,8856,30325,3.52,238,13468,540000,604531.2
2025-01,WH-EU-01,Rotterdam DC,Europe,DrugB,Betacor,0,3.15,44139.0,13900,12579,6880,23560,3.18,193,5902,540000,139037.85
2025-01,WH-EU-01,Rotterdam DC,Europe,DrugC,Cholestat,1,12.3,10975.0,13737,12926,6799,23283,0.8,118,4181,540000,134992.5
2025-01,WH-EU-01,Rotterdam DC,Europe,DrugX,Nephrolyte,0,1.85,177779.0,49378,46200,24442,83695,3.6,474,33492,540000,328891.15
2025-01,WH-EU-01,Rotterdam DC,Europe,DrugY,Cardiovex,0,2.4,321018.0,85185,85001,42166,144388,3.77,414,91986,540000,770443.2
2025-02,WH-EU-01,Rotterdam DC,Europe,DrugA,Angiotrol,1,9.6,3574.0,17870,17870,8845,30289,0.2,360,198,540000,34310.4
2025-02,WH-EU-01,Rotterdam DC,Europe,DrugB,Betacor,0,3.15,50505.0,15414,15162,7629,26125,3.28,311,951,540000,159090.75
2025-02,WH-EU-01,Rotterdam DC,Europe,DrugC,Cholestat,1,12.3,33025.0,13434,12415,6649,22769,2.46,103,3380,540000,406207.5
2025-02,WH-EU-01,Rotterdam DC,Europe,DrugX,Nephrolyte,0,1.85,97402.0,44312,42564,21934,75108,2.2,292,10587,540000,180193.7
2025-02,WH-EU-01,Rotterdam DC,Europe,DrugY,Cardiovex,0,2.4,254385.0,72660,70887,35966,123158,3.5,527,45398,540000,610524.0
2025-03,WH-EU-01,Rotterdam DC,Europe,DrugA,Angiotrol,1,9.6,14152.0,18715,15104,9263,31721,0.76,171,1427,540000,135859.2
2025-03,WH-EU-01,Rotterdam DC,Europe,DrugB,Betacor,0,3.15,42909.0,12812,11627,6341,21715,3.35,319,9224,540000,135163.35
2025-03,WH-EU-01,Rotterdam DC,Europe,DrugC,Cholestat,1,12.3,16918.0,14231,12895,7044,24121,1.19,87,2367,540000,208091.4
2025-03,WH-EU-01,Rotterdam DC,Europe,DrugX,Nephrolyte,0,1.85,146588.0,47614,46597,23568,80704,3.08,510,26894,540000,271187.8
2025-03,WH-EU-01,Rotterdam DC,Europe,DrugY,Cardiovex,0,2.4,197517.0,73714,73714,36488,124944,2.68,576,31978,540000,474040.8
2025-04,WH-EU-01,Rotterdam DC,Europe,DrugA,Angiotrol,1,9.6,18600.0,18153,17164,8985,30768,1.02,329,3229,540000,178560.0
2025-04,WH-EU-01,Rotterdam DC,Europe,DrugB,Betacor,0,3.15,32922.0,11528,11528,5706,19539,2.86,211,4943,540000,103704.3
2025-04,WH-EU-01,Rotterdam DC,Europe,DrugC,Cholestat,1,12.3,22381.0,11674,10870,5778,19786,1.92,221,1986,540000,275286.3
2025-04,WH-EU-01,Rotterdam DC,Europe,DrugX,Nephrolyte,0,1.85,154446.0,42541,38862,21057,72106,3.63,398,35438,540000,285725.1
2025-04,WH-EU-01,Rotterdam DC,Europe,DrugY,Cardiovex,0,2.4,246392.0,68853,58195,34082,116705,3.58,435,30668,540000,591340.8
2025-05,WH-EU-01,Rotterdam DC,Europe,DrugA,Angiotrol,1,9.6,28502.0,15884,14985,7862,26922,1.79,230,1680,540000,273619.2
2025-05,WH-EU-01,Rotterdam DC,Europe,DrugB,Betacor,0,3.15,41971.0,10770,9502,5331,18255,3.9,396,1415,540000,132208.65
2025-05,WH-EU-01,Rotterdam DC,Europe,DrugC,Cholestat,1,12.3,21342.0,12043,11926,5961,20412,1.77,117,5746,540000,262506.6
2025-05,WH-EU-01,Rotterdam DC,Europe,DrugX,Nephrolyte,0,1.85,135771.0,39861,38401,19731,67564,3.41,372,6654,540000,251176.35
2025-05,WH-EU-01,Rotterdam DC,Europe,DrugY,Cardiovex,0,2.4,254938.0,68306,67195,33811,115778,3.73,494,27972,540000,611851.2
2025-06,WH-EU-01,Rotterdam DC,Europe,DrugA,Angiotrol,1,9.6,,16367,14694,8101,27741,1.5,134,2303,540000,235104.0
2025-06,WH-EU-01,Rotterdam DC,Europe,DrugB,Betacor,0,3.15,41133.0,10428,9627,5161,17674,3.94,350,2584,540000,129568.95
2025-06,WH-EU-01,Rotterdam DC,Europe,DrugC,Cholestat,1,12.3,15426.0,10759,10329,5325,18235,1.43,77,412,540000,189739.8
2025-06,WH-EU-01,Rotterdam DC,Europe,DrugX,Nephrolyte,0,1.85,168469.0,41196,37831,20392,69827,4.09,429,39144,540000,311667.65
2025-06,WH-EU-01,Rotterdam DC,Europe,DrugY,Cardiovex,0,2.4,139016.0,61131,61131,30259,103616,2.27,593,14299,540000,333638.4
2025-07,WH-EU-01,Rotterdam DC,Europe,DrugA,Angiotrol,1,9.6,51235.0,15563,15164,7703,26378,3.29,80,8726,540000,491856.0
2025-07,WH-EU-01,Rotterdam DC,Europe,DrugB,Betacor,0,3.15,41671.0,11124,10329,5506,18854,3.75,312,8968,540000,131263.65
2025-07,WH-EU-01,Rotterdam DC,Europe,DrugC,Cholestat,1,12.3,26835.0,10631,10099,5262,18019,2.52,236,2261,540000,330070.5
2025-07,WH-EU-01,Rotterdam DC,Europe,DrugX,Nephrolyte,0,1.85,130191.0,35118,29152,17383,59524,3.71,372,20216,540000,240853.35
2025-07,WH-EU-01,Rotterdam DC,Europe,DrugY,Cardiovex,0,2.4,225602.0,57395,56675,28410,97284,3.93,489,25744,540000,541444.8
2025-08,WH-EU-01,Rotterdam DC,Europe,DrugA,Angiotrol,1,9.6,26058.0,15085,13014,7467,25569,1.73,304,2713,540000,250156.8
2025-08,WH-EU-01,Rotterdam DC,Europe,DrugB,Betacor,0,3.15,29590.0,11087,10384,5488,18792,2.67,460,3116,540000,93208.5
2025-08,WH-EU-01,Rotterdam DC,Europe,DrugC,Cholestat,1,12.3,22872.0,10316,9756,5106,17485,2.22,267,4071,540000,281325.6
2025-08,WH-EU-01,Rotterdam DC,Europe,DrugX,Nephrolyte,0,1.85,54042.0,38149,35103,18883,64661,1.42,371,14664,540000,99977.7
2025-08,WH-EU-01,Rotterdam DC,Europe ,DrugY,Cardiovex,0,2.4,184993.0,57570,48234,28497,97581,3.21,590,3332,540000,443983.2
2025-09,WH-EU-01,Rotterdam DC,Europe,DrugA,Angiotrol,1,9.6,20501.0,16248,15947,8042,27539,1.26,402,2023,540000,196809.6
2025-09,WH-EU-01,Rotterdam DC,Europe,DrugB,Betacor,0,3.15,28010.0,11352,10164,5619,19241,2.47,387,1590,540000,88231.5
2025-09,WH-EU-01,Rotterdam DC,Europe,DrugC,Cholestat,1,12.3,30880.0,13004,13004,6436,22040,2.37,5,1802,540000,379824.0
2025-09,WH-EU-01,Rotterdam DC,Europe,DrugX,Nephrolyte,0,1.85,143707.0,39928,38632,19764,67677,3.6,386,13579,540000,265857.95
2025-09,WH-EU-01,Rotterdam DC,Europe,DrugY,Cardiovex,0,2.4,209624.0,72371,71358,35823,122668,2.9,295,12139,540000,503097.6
2025-10,WH-EU-01,Rotterdam DC,Europe,DrugA,Angiotrol,1,9.6,22658.0,17306,16087,8566,29333,1.31,197,2930,540000,217516.8
2025-10,WH-EU-01,Rotterdam DC,Europe ,DrugB,Betacor,0,3.15,42519.0,11929,11030,5904,20218,3.56,210,6898,540000,133934.85
2025-10,WH-EU-01,Rotterdam DC,Europe,DrugC,Cholestat,1,12.3,23183.0,12257,11103,6067,20775,1.89,170,2008,540000,285150.9
2025-10,WH-EU-01,Rotterdam DC,Europe,DrugX,Nephrolyte,0,1.85,,40042,40042,19820,67870,4.11,307,12713,540000,304741.25
2025-10,WH-EU-01,Rotterdam DC,Europe,DrugY,Cardiovex,0,2.4,255149.0,73143,68524,36205,123976,3.49,343,76328,540000,612357.6
2025-11,WH-EU-01,Rotterdam DC,Europe,DrugA,Angiotrol,1,9.6,44689.0,20577,20577,10185,34877,2.17,201,3413,540000,429014.4
2025-11,WH-EU-01,Rotterdam DC,Europe,DrugB,Betacor,0,3.15,42991.0,13962,13962,6911,23665,3.08,377,1972,540000,135421.65
2025-11,WH-EU-01,Rotterdam DC,Europe,DrugC,Cholestat,1,12.3,15502.0,13621,12183,6742,23087,1.14,191,1653,540000,190674.6
2025-11,WH-EU-01,Rotterdam DC,Europe,DrugX,Nephrolyte,0,1.85,212911.0,48095,44305,23807,81521,4.43,556,58627,540000,393885.35
2025-11,WH-EU-01,Rotterdam DC,Europe,DrugY,Cardiovex,0,2.4,,75610,75610,37426,128158,4.39,502,40402,540000,796063.2
2025-12,WH-EU-01,Rotterdam DC,Europe,DrugA,Angiotrol,1,9.6,27953.0,20201,19284,9999,34240,1.38,242,4175,540000,268348.8
2025-12,WH-EU-01,Rotterdam DC,Europe,DrugB,Betacor,0,3.15,25586.0,13771,13771,6816,23341,1.86,351,4476,540000,80595.9
2025-12,WH-EU-01,Rotterdam DC,Europe,DrugC,Cholestat,1,12.3,42203.0,15633,14397,7738,26497,2.7,365,8789,540000,519096.9
2025-12,WH-EU-01,Rotterdam DC,Europe,DrugX,Nephrolyte,0,1.85,99307.0,52034,49751,25756,88196,1.91,117,11995,540000,183717.95
2025-12,WH-EU-01,Rotterdam DC,Europe,DrugY,Cardiovex,0,2.4,117688.0,85189,82605,42168,144394,1.38,620,12316,540000,282451.2
2023-01,WH-AP-01,Singapore DC,Asia-Pacific,DrugA,Angiotrol,1,9.6,17755.0,13633,12752,6748,23107,1.3,76,3291,400000,170448.0
2023-01,WH-AP-01,Singapore DC,Asia-Pacific,DrugB,Betacor,0,3.15,,10403,8531,5149,17632,3.27,63,1661,400000,107153.55
2023-01,WH-AP-01,Singapore DC,Asia-Pacific,DrugC,Cholestat,1,12.3,21938.0,10261,10261,5079,17392,2.14,186,4465,400000,269837.4
2023-01,WH-AP-01,Singapore DC,Asia-Pacific,DrugX,Nephrolyte,0,1.85,111562.0,33034,32879,16351,55991,3.38,413,10130,400000,206389.7
2023-01,WH-AP-01,Singapore DC,Asia-Pacific,DrugY,Cardiovex,0,2.4,219405.0,53942,53942,26701,91431,4.07,680,50605,400000,526572.0
2023-02,WH-AP-01,Singapore DC,Asia-Pacific,DrugA,Angiotrol,1,9.6,44078.0,14765,13525,7308,25026,2.99,364,3408,400000,423148.8
2023-02,WH-AP-01,Singapore DC,Asia-Pacific,DrugB,Betacor,0,3.15,24750.0,9726,9089,4814,16485,2.54,302,823,400000,77962.5
2023-02,WH-AP-01,Singapore DC,Asia-Pacific,DrugC,Cholestat,1,12.3,26293.0,9919,9070,4909,16811,2.65,114,4269,400000,323403.9
2023-02,WH-AP-01,Singapore DC,Asia-Pacific,DrugX,Nephrolyte,0,1.85,132993.0,33371,28688,16518,56563,3.99,473,13746,400000,246037.05
2023-02,WH-AP-01,Singapore DC,Asia-Pacific,DrugY,Cardiovex,0,2.4,254776.0,53807,53807,26634,91202,4.74,431,39450,400000,611462.4
2023-03,WH-AP-01,Singapore DC,Asia-Pacific,DrugA,Angiotrol,1,9.6,16540.0,12917,12419,6393,21893,1.28,149,1400,400000,158784.0
2023-03,WH-AP-01,Singapore DC,Asia-Pacific,DrugB,Betacor,0,3.15,33535.0,9627,9618,4765,16317,3.48,450,2727,400000,105635.25
2023-03,WH-AP-01,Singapore DC,Asia-Pacific,DrugC,Cholestat,1,12.3,23377.0,10416,8297,5155,17654,2.24,5,555,400000,287537.1
2023-03,WH-AP-01,Singapore DC,Asia-Pacific,DrugX,Nephrolyte,0,1.85,152793.0,33030,31180,16349,55985,4.63,418,22585,400000,282667.05
2023-03,WH-AP-01,Singapore DC,Asia-Pacific,DrugY,Cardiovex,0,2.4,97943.0,52593,51161,26033,89144,1.86,288,2562,400000,235063.2
2023-04,WH-AP-01,Singapore DC,Asia-Pacific,DrugA,Angiotrol,1,9.6,4007.0,11781,11779,5831,19968,0.34,209,582,400000,38467.2
2023-04,WH-AP-01,Singapore DC,Asia-Pacific,DrugB,Betacor,0,3.15,25258.0,8797,8797,4354,14910,2.87,74,2799,400000,79562.7
2023-04,WH-AP-01,Singapore DC,Asia-Pacific,DrugC,Cholestat,1,12.3,10086.0,8705,8176,4308,14754,1.16,475,859,400000,124057.8
2023-04,WH-AP-01,Singapore DC,Asia-Pacific,DrugX,Nephrolyte,0,1.85,105838.0,30700,29923,15196,52036,3.45,367,10745,400000,195800.3
2023-04,WH-AP-01,Singapore DC,Asia-Pacific,DrugY,Cardiovex,0,2.4,147194.0,46364,41499,22950,78586,3.17,475,9377,400000,353265.6
2023-05,WH-AP-01,Singapore DC,Asia-Pacific,DrugA,Angiotrol,1,9.6,19898.0,11111,9776,5499,18832,1.79,106,1382,400000,191020.8
2023-05,WH-AP-01,Singapore DC,Asia-Pacific,DrugB,Betacor,0,3.15,25242.0,7452,6390,3688,12630,3.39,219,772,400000,79512.3
2023-05,WH-AP-01,Singapore DC,Asia-Pacific,DrugC,Cholestat,1,12.3,9513.0,7424,6563,3674,12582,1.28,278,1090,400000,117009.9
2023-05,WH-AP-01,Singapore DC,Asia-Pacific,DrugX,Nephrolyte,0,1.85,117479.0,27135,26822,13431,45993,4.33,551,7045,400000,217336.15
2023-05,WH-AP-01,Singapore DC,Asia-Pacific,DrugY,Cardiovex,0,2.4,141895.0,43255,42647,21411,73317,3.28,331,25191,400000,340548.0
2023-06,WH-AP-01,Singapore DC,Asia-Pacific,DrugA,Angiotrol,1,9.6,5767.0,10671,9637,5282,18087,0.54,382,301,400000,55363.2
2023-06,WH-AP-01,Singapore DC,Asia-Pacific,DrugB,Betacor,0,3.15,16398.0,7575,7575,3749,12839,2.16,202,914,400000,51653.7
2023-06,WH-AP-01,Singapore DC,Asia-Pacific,DrugC,Cholestat,1,12.3,4816.0,8154,7159,4036,13820,0.59,417,472,400000,59236.8
2023-06,WH-AP-01,Singapore DC,Asia-Pacific,DrugX,Nephrolyte,0,1.85,53370.0,24956,24956,12353,42300,2.14,678,3259,400000,98734.5
2023-06,WH-AP-01,Singapore DC,Asia-Pacific,DrugY,Cardiovex,0,2.4,146370.0,43816,43722,21688,74267,3.34,429,10057,400000,351288.0
2023-07,WH-AP-01,Singapore DC,Asia-Pacific,DrugA,Angiotrol,1,9.6,11787.0,11052,10841,5470,18732,1.07,318,201,400000,113155.2
2023-07,WH-AP-01,Singapore DC,Asia-Pacific,DrugB,Betacor,0,3.15,31765.0,7440,7440,3682,12610,4.27,295,6525,400000,100059.75
2023-07,WH-AP-01,Singapore DC,asia pacific,DrugC,Cholestat,1,12.3,18436.0,7661,6603,3792,12985,2.41,158,1059,400000,226762.8
2023-07,WH-AP-01,Singapore DC,Asia-Pacific,DrugX,Nephrolyte,0,1.85,95200.0,25853,22304,12797,43820,3.68,478,11775,400000,176120.0
2023-07,WH-AP-01,Singapore DC,Asia-Pacific,DrugY,Cardiovex,0,2.4,133924.0,43782,39048,21672,74210,3.06,495,12479,400000,321417.6
2023-08,WH-AP-01,Singapore DC,APAC,DrugA,Angiotrol,1,9.6,15448.0,10674,9715,5283,18091,1.45,416,2362,400000,148300.8
2023-08,WH-AP-01,Singapore DC,Asia-Pacific,DrugB,Betacor,0,3.15,18672.0,6881,6181,3406,11663,2.71,483,438,400000,58816.8
2023-08,WH-AP-01,Singapore DC,Asia-Pacific,DrugC,Cholestat,1,12.3,15623.0,7280,6458,3603,12339,2.15,441,1224,400000,192162.9
2023-08,WH-AP-01,Singapore DC,Asia-Pacific,DrugX,Nephrolyte,0,1.85,96957.0,23978,22578,11869,40642,4.04,462,3947,400000,179370.45
2023-08,WH-AP-01,Singapore DC,Asia-Pacific,DrugY,Cardiovex,0,2.4,169017.0,47085,47085,23307,79809,3.59,466,15076,400000,405640.8
2023-09,WH-AP-01,Singapore DC,Asia-Pacific,DrugA,Angiotrol,1,9.6,8249.0,11513,9847,5698,19513,0.72,108,304,400000,79190.4
2023-09,WH-AP-01,Singapore DC,Asia-Pacific,DrugB,Betacor,0,3.15,26125.0,8254,7871,4085,13989,3.17,355,4849,400000,82293.75
2023-09,WH-AP-01,Singapore DC,Asia-Pacific,DrugC,Cholestat,1,12.3,,8275,8232,4096,14026,1.64,99,2228,400000,167046.3
2023-09,WH-AP-01,Singapore DC,Asia-Pacific,DrugX,Nephrolyte,0,1.85,41287.0,26248,26248,12992,44489,1.57,290,1622,400000,76380.95
2023-09,WH-AP-01,Singapore DC,Asia-Pacific,DrugY,Cardiovex,0,2.4,116212.0,50449,49450,24972,85510,2.3,672,2776,400000,278908.8
2023-10,WH-AP-01,Singapore DC,Asia-Pacific,DrugA,Angiotrol,1,9.6,38690.0,12743,11898,6307,21598,3.04,142,5986,400000,371424.0
2023-10,WH-AP-01,Singapore DC,Asia-Pacific,DrugB,Betacor,0,3.15,30913.0,8503,8503,4208,14411,3.64,421,846,400000,97375.95
2023-10,WH-AP-01,Singapore DC,Asia-Pacific,DrugC,Cholestat,1,12.3,27823.0,8801,7926,4356,14917,3.16,224,489,400000,342222.9
2023-10,WH-AP-01,Singapore DC,Asia-Pacific,DrugX,Nephrolyte,0,1.85,126872.0,32295,29245,15986,54740,3.93,285,15650,400000,234713.2
2023-10,WH-AP-01,Singapore DC,Asia-Pacific,DrugY,Cardiovex,0,2.4,132313.0,46408,44344,22971,78660,2.85,510,4716,400000,317551.2
2023-11,WH-AP-01,Singapore DC,Asia-Pacific,DrugA,Angiotrol,1,9.6,9298.0,13782,12370,6822,23360,0.67,441,794,400000,89260.8
2023-11,WH-AP-01,Singapore DC,Asia-Pacific,DrugB,Betacor,0,3.15,50238.0,9701,9291,4801,16442,5.18,310,704,400000,158249.7
2023-11,WH-AP-01,Singapore DC,Asia-Pacific,DrugC,Cholestat,1,12.3,10414.0,10400,9766,5148,17628,1.0,61,796,400000,128092.2
2023-11,WH-AP-01,Singapore DC,Asia-Pacific,DrugX,Nephrolyte,0,1.85,86327.0,30340,27754,15018,51426,2.85,25,3346,400000,159704.95
2023-11,WH-AP-01,Singapore DC,Asia-Pacific,DrugY,Cardiovex,0,2.4,159404.0,53140,53140,26304,90072,3.0,538,45916,400000,382569.6
2023-12,WH-AP-01,Singapore DC,Asia-Pacific,DrugA,Angiotrol,1,9.6,10504.0,14480,14036,7167,24543,0.73,277,340,400000,100838.4
2023-12,WH-AP-01,Singapore DC,Asia-Pacific,DrugB,Betacor,0,3.15,36390.0,10497,9763,5196,17792,3.47,496,6203,400000,114628.5
2023-12,WH-AP-01,Singapore DC,Asia-Pacific,DrugC,Cholestat,1,12.3,16377.0,9798,8299,4850,16607,1.67,47,1619,400000,201437.1
2023-12,WH-AP-01,Singapore DC,Asia-Pacific,DrugX,Nephrolyte,0,1.85,66655.0,35003,35003,17326,59329,1.9,255,5544,400000,123311.75
2023-12,WH-AP-01,Singapore DC,Asia-Pacific,DrugY,Cardiovex,0,2.4,220592.0,60677,55014,30035,102847,3.64,690,3617,400000,529420.8
2024-01,WH-AP-01,Singapore DC,Asia-Pacific,DrugA,Angiotrol,1,9.6,24779.0,14548,14548,7201,24658,1.7,189,5689,400000,237878.4
2024-01,WH-AP-01,Singapore DC,Asia-Pacific,DrugB,Betacor,0,3.15,47014.0,11942,10512,5911,20241,3.94,396,1940,400000,148094.1
2024-01,WH-AP-01,Singapore DC,Asia-Pacific,DrugC,Cholestat,1,12.3,12426.0,10444,10444,5169,17701,1.19,493,1098,400000,152839.8
2024-01,WH-AP-01,Singapore DC,Asia-Pacific,DrugX,Nephrolyte,0,1.85,138963.0,35597,35597,17620,60336,3.9,59,733,400000,257081.55
2024-01,WH-AP-01,Singapore DC,asia pacific,DrugY,Cardiovex,0,2.4,181217.0,61496,61496,30440,104235,2.95,315,13978,400000,434920.8
2024-02,WH-AP-01,Singapore DC,Asia-Pacific,DrugA,Angiotrol,1,9.6,17116.0,14424,14270,7139,24447,1.19,294,464,400000,164313.6
2024-02,WH-AP-01,Singapore DC,APAC,DrugB,Betacor,0,3.15,28947.0,10607,9586,5250,17978,2.73,384,2079,400000,91183.05
2024-02,WH-AP-01,Singapore DC,Asia-Pacific,DrugC,Cholestat,1,12.3,24165.0,10802,9439,5346,18308,2.24,201,2219,400000,297229.5
2024-02,WH-AP-01,Singapore DC,Asia-Pacific,DrugX,Nephrolyte,0,1.85,141223.0,36506,36506,18070,61877,3.87,645,3659,400000,261262.55
2024-02,WH-AP-01,Singapore DC,Asia-Pacific,DrugY,Cardiovex,0,2.4,199112.0,60270,55926,29833,102157,3.3,438,18124,400000,477868.8
2024-03,WH-AP-01,Singapore DC,Asia-Pacific,DrugA,Angiotrol,1,9.6,35192.0,14466,14018,7160,24519,2.43,459,6091,400000,337843.2
2024-03,WH-AP-01,Singapore DC,Asia-Pacific,DrugB,Betacor,0,3.15,48832.0,10347,9754,5121,17537,4.72,335,11895,400000,153820.8
2024-03,WH-AP-01,Singapore DC,Asia-Pacific,DrugC,Cholestat,1,12.3,17942.0,10167,9701,5032,17232,1.76,98,4527,400000,220686.6
2024-03,WH-AP-01,Singapore DC,Asia-Pacific,DrugX,Nephrolyte,0,1.85,98695.0,35297,35297,17472,59828,2.8,275,12905,400000,182585.75
2024-03,WH-AP-01,Singapore DC,Asia-Pacific,DrugY,Cardiovex,0,2.4,209235.0,61563,61563,30473,104348,3.4,437,19337,400000,502164.0
2024-04,WH-AP-01,Singapore DC,Asia-Pacific,DrugA,Angiotrol,1,9.6,27032.0,13608,11485,6735,23064,1.99,282,5499,400000,259507.2
2024-04,WH-AP-01,Singapore DC,APAC,DrugB,Betacor,0,3.15,27057.0,9055,9055,4482,15348,2.99,497,3557,400000,85229.55
2024-04,WH-AP-01,Singapore DC,Asia-Pacific,DrugC,Cholestat,1,12.3,3159.0,9392,9274,4649,15919,0.34,64,45,400000,38855.7
2024-04,WH-AP-01,Singapore DC,Asia-Pacific,DrugX,Nephrolyte,0,1.85,108703.0,30377,30377,15036,51488,3.58,428,12354,400000,201100.55
2024-04,WH-AP-01,Singapore DC,Asia-Pacific,DrugY,Cardiovex,0,2.4,182387.0,51698,46885,25590,87627,3.53,231,8224,400000,437728.8
2024-05,WH-AP-01,Singapore DC,APAC,DrugA,Angiotrol,1,9.6,8862.0,12770,11820,6321,21645,0.69,250,2338,400000,85075.2
2024-05,WH-AP-01,Singapore DC,Asia-Pacific,DrugB,Betacor,0,3.15,25136.0,8346,7987,4131,14146,3.01,239,550,400000,79178.4
2024-05,WH-AP-01,Singapore DC,Asia-Pacific,DrugC,Cholestat,1,12.3,24908.0,8310,8190,4113,14085,3.0,359,5942,400000,306368.4
2024-05,WH-AP-01,Singapore DC,Asia-Pacific,DrugX,Nephrolyte,0,1.85,88224.0,28226,28032,13971,47842,3.13,433,7895,400000,163214.4
2024-05,WH-AP-01,Singapore DC,APAC,DrugY,Cardiovex,0,2.4,137506.0,48580,48580,24047,82343,2.83,615,7390,400000,330014.4
2024-06,WH-AP-01,Singapore DC,Asia-Pacific,DrugA,Angiotrol,1,9.6,26956.0,12241,11980,6059,20748,2.2,493,1531,400000,258777.6
2024-06,WH-AP-01,Singapore DC,Asia-Pacific,DrugB,Betacor,0,3.15,27767.0,8494,7767,4204,14396,3.27,189,1526,400000,87466.05
2024-06,WH-AP-01,Singapore DC,Asia-Pacific,DrugC,Cholestat,1,12.3,7573.0,7680,7680,3801,13017,0.99,338,871,400000,93147.9
2024-06,WH-AP-01,Singapore DC,Asia-Pacific,DrugX,Nephrolyte,0,1.85,42339.0,30323,28112,15009,51396,1.4,545,1998,400000,78327.15
2024-06,WH-AP-01,Singapore DC,Asia-Pacific,DrugY,Cardiovex,0,2.4,95137.0,46461,46461,22998,78751,2.05,497,6063,400000,228328.8
2024-07,WH-AP-01,Singapore DC,Asia-Pacific,DrugA,Angiotrol,1,9.6,23468.0,12828,12707,6349,21742,1.83,122,2662,400000,225292.8
2024-07,WH-AP-01,Singapore DC,Asia-Pacific,DrugB,Betacor,0,3.15,35454.0,7712,7266,3817,13071,4.6,307,9138,400000,111680.1
2024-07,WH-AP-01,Singapore DC,Asia-Pacific,DrugC,Cholestat,1,12.3,11283.0,8083,8083,4001,13700,1.4,71,375,400000,138780.9
2024-07,WH-AP-01,Singapore DC,Asia-Pacific,DrugX,Nephrolyte,0,1.85,96923.0,27296,23386,13511,46266,3.55,580,12016,400000,179307.55
2024-07,WH-AP-01,Singapore DC,Asia-Pacific,DrugY,Cardiovex,0,2.4,146072.0,43843,43843,21702,74313,3.33,554,6424,400000,350572.8
2024-08,WH-AP-01,Singapore DC,Asia-Pacific,DrugA,Angiotrol,1,9.6,20105.0,11485,11380,5685,19467,1.75,5,2903,400000,193008.0
2024-08,WH-AP-01,Singapore DC,Asia-Pacific,DrugB,Betacor,0,3.15,33618.0,8301,7983,4108,14069,4.05,300,5058,400000,105896.7
2024-08,WH-AP-01,Singapore DC,Asia-Pacific,DrugC,Cholestat,1,12.3,16536.0,8556,7706,4235,14502,1.93,263,5051,400000,203392.8
2024-08,WH-AP-01,Singapore DC,Asia-Pacific,DrugX,Nephrolyte,0,1.85,98590.0,28481,26065,14098,48275,3.46,442,20686,400000,182391.5
2024-08,WH-AP-01,Singapore DC,Asia-Pacific,DrugY,Cardiovex,0,2.4,174873.0,47252,42958,23389,80091,3.7,611,2307,400000,419695.2
2024-09,WH-AP-01,Singapore DC,Asia-Pacific,DrugA,Angiotrol,1,9.6,4045.0,12549,11466,6211,21269,0.32,200,1148,400000,38832.0
2024-09,WH-AP-01,Singapore DC,Asia-Pacific,DrugB,Betacor,0,3.15,18378.0,8677,7523,4295,14707,2.12,243,1843,400000,57890.7
2024-09,WH-AP-01,Singapore DC,Asia-Pacific,DrugC,Cholestat,1,12.3,17318.0,8422,8301,4168,14274,2.06,286,1297,400000,213011.4
2024-09,WH-AP-01,Singapore DC,Asia-Pacific,DrugX,Nephrolyte,0,1.85,91135.0,30890,30890,15290,52358,2.95,291,3348,400000,168599.75
2024-09,WH-AP-01,Singapore DC,Asia-Pacific,DrugY,Cardiovex,0,2.4,165775.0,49096,44112,24302,83217,3.38,433,18985,400000,397860.0
2024-10,WH-AP-01,Singapore DC,Asia-Pacific,DrugA,Angiotrol,1,9.6,4364.0,14331,11508,7093,24290,0.3,118,500,400000,41894.4
2024-10,WH-AP-01,Singapore DC,Asia-Pacific,DrugB,Betacor,0,3.15,24183.0,10146,9967,5022,17197,2.38,224,7945,400000,76176.45
2024-10,WH-AP-01,Singapore DC,Asia-Pacific,DrugC,Cholestat,1,12.3,,9766,9472,4834,16553,3.25,5,997,400000,390057.6
2024-10,WH-AP-01,Singapore DC,Asia-Pacific,DrugX,Nephrolyte,0,1.85,122674.0,32844,32657,16257,55669,3.74,419,29504,400000,226946.9
2024-10,WH-AP-01,Singapore DC,Asia-Pacific,DrugY,Cardiovex,0,2.4,230799.0,51786,48152,25634,87777,4.46,572,7157,400000,553917.6
2024-11,WH-AP-01,Singapore DC,Asia-Pacific,DrugA,Angiotrol,1,9.6,5622.0,15531,14667,7687,26324,0.36,301,1197,400000,53971.2
2024-11,WH-AP-01,Singapore DC,Asia-Pacific,DrugB,Betacor,0,3.15,33222.0,10193,10193,5045,17276,3.26,232,1372,400000,104649.3
2024-11,WH-AP-01,Singapore DC,Asia-Pacific,DrugC,Cholestat,1,12.3,2128.0,10643,10643,5268,18039,0.2,217,43,400000,26174.4
2024-11,WH-AP-01,Singapore DC,Asia-Pacific,DrugX,Nephrolyte,0,1.85,58338.0,34609,32160,17131,58661,1.69,573,15453,400000,107925.3
2024-11,WH-AP-01,Singapore DC,Asia-Pacific,DrugY,Cardiovex,0,2.4,202917.0,55814,49033,27627,94603,3.64,511,51551,400000,487000.8
2024-12,WH-AP-01,Singapore DC,Asia-Pacific,DrugA,Angiotrol,1,9.6,23787.0,16668,16235,8250,28251,1.43,287,3017,400000,228355.2
2024-12,WH-AP-01,Singapore DC,Asia-Pacific,DrugB,Betacor,0,3.15,22769.0,11024,10782,5456,18684,2.07,206,1733,400000,71722.35
2024-12,WH-AP-01,Singapore DC,Asia-Pacific,DrugC,Cholestat,1,12.3,24540.0,10923,10192,5406,18513,2.25,5,5172,400000,301842.0
2024-12,WH-AP-01,Singapore DC,Asia-Pacific,DrugX,Nephrolyte,0,1.85,101713.0,39049,37178,19329,66187,2.6,410,8442,400000,188169.05
2024-12,WH-AP-01,Singapore DC,Asia-Pacific,DrugY,Cardiovex,0,2.4,220502.0,61088,57442,30238,103543,3.61,447,10553,400000,529204.8
2025-01,WH-AP-01,Singapore DC,Asia-Pacific,DrugA,Angiotrol,1,9.6,27240.0,16169,15441,8003,27405,1.68,231,2562,400000,261504.0
2025-01,WH-AP-01,Singapore DC,Asia-Pacific,DrugB,Betacor,0,3.15,19508.0,12307,10923,6091,20859,1.59,482,6620,400000,61450.2
2025-01,WH-AP-01,Singapore DC,Asia-Pacific,DrugC,Cholestat,1,12.3,31027.0,10605,10605,5249,17975,2.93,44,4195,400000,381632.1
2025-01,WH-AP-01,Singapore DC,Asia-Pacific,DrugX,Nephrolyte,0,1.85,128387.0,39537,35846,19570,67014,3.25,610,3109,400000,237515.95
2025-01,WH-AP-01,Singapore DC,Asia-Pacific,DrugY,Cardiovex,0,2.4,166503.0,63022,61282,31195,106821,2.64,691,9147,400000,399607.2
2025-02,WH-AP-01,Singapore DC,Asia-Pacific,DrugA,Angiotrol,1,9.6,32715.0,17156,15736,8492,29079,1.91,212,1105,400000,314064.0
2025-02,WH-AP-01,Singapore DC,Asia-Pacific,DrugB,Betacor,0,3.15,33618.0,10900,10900,5395,18475,3.08,205,3557,400000,105896.7
2025-02,WH-AP-01,Singapore DC,Asia-Pacific,DrugC,Cholestat,1,12.3,27989.0,11344,10235,5615,19227,2.47,374,5684,400000,344264.7
2025-02,WH-AP-01,Singapore DC,Asia-Pacific,DrugX,Nephrolyte,0,1.85,175934.0,40271,40271,19934,68259,4.37,408,5781,400000,325477.9
2025-02,WH-AP-01,Singapore DC,Asia-Pacific,DrugY,Cardiovex,0,2.4,197658.0,57681,54748,28552,97769,3.43,685,46061,400000,474379.2
2025-03,WH-AP-01,Singapore DC,Asia-Pacific,DrugA,Angiotrol,1,9.6,15703.0,15370,15370,7608,26052,1.02,127,1256,400000,150748.8
2025-03,WH-AP-01,Singapore DC,Asia-Pacific,DrugB,Betacor,0,3.15,31471.0,11174,10742,5531,18939,2.82,366,88,400000,99133.65
2025-03,WH-AP-01,Singapore DC,Asia-Pacific,DrugC,Cholestat,1,12.3,11947.0,10662,9828,5277,18071,1.12,250,1253,400000,146948.1
2025-03,WH-AP-01,Singapore DC,Asia-Pacific,DrugX,Nephrolyte,0,1.85,92813.0,34264,32305,16960,58076,2.71,398,8864,400000,171704.05
2025-03,WH-AP-01,Singapore DC,Asia-Pacific,DrugY,Cardiovex,0,2.4,296365.0,59884,57417,29642,101502,4.95,331,30881,400000,711276.0
2025-04,WH-AP-01,Singapore DC,Asia-Pacific,DrugA,Angiotrol,1,9.6,25446.0,14861,13002,7356,25189,1.71,404,1865,400000,244281.6
2025-04,WH-AP-01,Singapore DC,Asia-Pacific,DrugB,Betacor,0,3.15,32531.0,9495,9287,4700,16094,3.43,286,2199,400000,102472.65
2025-04,WH-AP-01,Singapore DC,Asia-Pacific,DrugC,Cholestat,1,12.3,14423.0,9897,9675,4899,16775,1.46,264,5265,400000,177402.9
2025-04,WH-AP-01,Singapore DC,Asia-Pacific,DrugX,Nephrolyte,0,1.85,105566.0,33834,33832,16747,57347,3.12,508,18134,400000,195297.1
2025-04,WH-AP-01,Singapore DC,Asia-Pacific,DrugY,Cardiovex,0,2.4,206092.0,60667,58130,30030,102830,3.4,461,26264,400000,494620.8
2025-05,WH-AP-01,Singapore DC,Asia-Pacific,DrugA,Angiotrol,1,9.6,2694.0,13471,12919,6668,22833,0.2,337,255,400000,25862.4
2025-05,WH-AP-01,Singapore DC,Asia-Pacific,DrugB,Betacor,0,3.15,17748.0,8967,8034,4438,15198,1.98,265,3591,400000,55906.2
2025-05,WH-AP-01,Singapore DC,Asia-Pacific,DrugC,Cholestat,1,12.3,10275.0,9103,8187,4505,15428,1.13,300,128,400000,126382.5
2025-05,WH-AP-01,Singapore DC,Asia-Pacific,DrugX,Nephrolyte,0,1.85,120090.0,34084,32464,16871,57771,3.52,416,27666,400000,222166.5
2025-05,WH-AP-01,Singapore DC,Asia-Pacific,DrugY,Cardiovex,0,2.4,187496.0,54224,49569,26840,91908,3.46,425,8753,400000,449990.4
2025-06,WH-AP-01,Singapore DC,Asia-Pacific,DrugA,Angiotrol,1,9.6,22773.0,12536,11066,6205,21248,1.82,225,1549,400000,218620.8
2025-06,WH-AP-01,Singapore DC,Asia-Pacific,DrugB,Betacor,0,3.15,27370.0,8440,8440,4177,14305,3.24,282,722,400000,86215.5
2025-06,WH-AP-01,Singapore DC,Asia-Pacific,DrugC,Cholestat,1,12.3,23616.0,9208,9042,4557,15606,2.56,119,4271,400000,290476.8
2025-06,WH-AP-01,Singapore DC,Asia-Pacific,DrugX,Nephrolyte,0,1.85,126614.0,28823,28823,14267,48854,4.39,116,3671,400000,234235.9
2025-06,WH-AP-01,Singapore DC,Asia-Pacific,DrugY,Cardiovex,0,2.4,178704.0,51237,48232,25362,86846,3.49,323,23890,400000,428889.6
2025-07,WH-AP-01,Singapore DC,Asia-Pacific,DrugA,Angiotrol,1,9.6,12425.0,12122,11768,6000,20546,1.03,332,2864,400000,119280.0
2025-07,WH-AP-01,Singapore DC,Asia-Pacific,DrugB,Betacor,0,3.15,45101.0,9579,9548,4741,16235,4.71,331,3068,400000,142068.15
2025-07,WH-AP-01,Singapore DC,Asia-Pacific,DrugC,Cholestat,1,12.3,15180.0,8528,7366,4221,14454,1.78,194,625,400000,186714.0
2025-07,WH-AP-01,Singapore DC,Asia-Pacific,DrugX,Nephrolyte,0,1.85,100042.0,29792,26240,14747,50497,3.36,502,9136,400000,185077.7
2025-07,WH-AP-01,Singapore DC,Asia-Pacific,DrugY,Cardiovex,0,2.4,174524.0,44340,44340,21948,75156,3.94,424,11751,400000,418857.6
2025-08,WH-AP-01,Singapore DC,Asia-Pacific,DrugA,Angiotrol,1,9.6,15124.0,13224,13029,6545,22413,1.14,499,1923,400000,145190.4
2025-08,WH-AP-01,Singapore DC,Asia-Pacific,DrugB,Betacor,0,3.15,30767.0,8833,7830,4372,14971,3.48,591,1693,400000,96916.05
2025-08,WH-AP-01,Singapore DC,Asia-Pacific,DrugC,Cholestat,1,12.3,3687.0,8971,8950,4440,15205,0.41,165,652,400000,45350.1
2025-08,WH-AP-01,Singapore DC,Asia-Pacific,DrugX,Nephrolyte,0,1.85,67857.0,30743,30743,15217,52108,2.21,617,8802,400000,125535.45
2025-08,WH-AP-01,Singapore DC,Asia-Pacific,DrugY,Cardiovex,0,2.4,134068.0,47424,46734,23474,80382,2.83,524,15904,400000,321763.2
2025-09,WH-AP-01,Singapore DC,Asia-Pacific,DrugA,Angiotrol,1,9.6,29241.0,12406,12027,6140,21027,2.36,369,6951,400000,280713.6
2025-09,WH-AP-01,Singapore DC,Asia-Pacific,DrugB,Betacor,0,3.15,33087.0,9250,8804,4578,15678,3.58,447,5768,400000,104224.05
2025-09,WH-AP-01,Singapore DC,Asia-Pacific,DrugC,Cholestat,1,12.3,22137.0,9123,8909,4515,15462,2.43,219,1841,400000,272285.1
2025-09,WH-AP-01,Singapore DC,Asia-Pacific,DrugX,Nephrolyte,0,1.85,91494.0,32735,31215,16203,55485,2.79,198,3494,400000,169263.9
2025-09,WH-AP-01,Singapore DC,Asia-Pacific,DrugY,Cardiovex,0,2.4,211242.0,56036,50474,27737,94980,3.77,513,9274,400000,506980.8
2025-10,WH-AP-01,Singapore DC,Asia-Pacific,DrugA,Angiotrol,1,9.6,47434.0,15541,15541,7692,26341,3.05,266,7445,400000,455366.4
2025-10,WH-AP-01,Singapore DC,Asia-Pacific,DrugB,Betacor,0,3.15,44533.0,10311,8817,5103,17476,4.32,403,2237,400000,140278.95
2025-10,WH-AP-01,Singapore DC,Asia-Pacific,DrugC,Cholestat,1,12.3,14156.0,11266,11266,5576,19095,1.26,163,802,400000,174118.8
2025-10,WH-AP-01,Singapore DC,Asia-Pacific,DrugX,Nephrolyte,0,1.85,89174.0,35586,33745,17615,60318,2.51,481,10665,400000,164971.9
2025-10,WH-AP-01,Singapore DC,Asia-Pacific,DrugY,Cardiovex,0,2.4,233473.0,64867,63662,32109,109949,3.6,719,4579,400000,560335.2
2025-11,WH-AP-01,Singapore DC,Asia-Pacific,DrugA,Angiotrol,1,9.6,19459.0,14741,14741,7296,24985,1.32,188,3249,400000,186806.4
2025-11,WH-AP-01,Singapore DC,Asia-Pacific,DrugB,Betacor,0,3.15,37507.0,11587,11587,5735,19639,3.24,315,5355,400000,118147.05
2025-11,WH-AP-01,Singapore DC,Asia-Pacific,DrugC,Cholestat,1,12.3,34682.0,11722,11674,5802,19868,2.96,435,3653,400000,426588.6
2025-11,WH-AP-01,Singapore DC,Asia-Pacific,DrugX,Nephrolyte,0,1.85,96307.0,38346,36470,18981,64996,2.51,346,7241,400000,178167.95
2025-11,WH-AP-01,Singapore DC,Asia-Pacific,DrugY,Cardiovex,0,2.4,257477.0,66642,63382,32987,112957,3.86,420,5769,400000,617944.8
2025-12,WH-AP-01,Singapore DC,Asia-Pacific,DrugA,Angiotrol,1,9.6,3552.0,17764,17605,8793,30109,0.2,524,210,400000,34099.2
2025-12,WH-AP-01,Singapore DC,Asia-Pacific,DrugB,Betacor,0,3.15,29116.0,11230,9538,5558,19034,2.59,444,12786,400000,91715.4
2025-12,WH-AP-01,Singapore DC,Asia-Pacific,DrugC,Cholestat,1,12.3,2307.0,11537,11067,5710,19554,0.2,47,217,400000,28376.1
2025-12,WH-AP-01,Singapore DC,Asia-Pacific,DrugX,Nephrolyte,0,1.85,150139.0,39692,39692,19647,67277,3.78,432,10042,400000,277757.15
2025-12,WH-AP-01,Singapore DC,Asia-Pacific,DrugY,Cardiovex,0,2.4,163588.0,73531,68122,36397,124634,2.22,596,12938,400000,392611.2
2023-01,WH-LA-01,Sao Paulo DC,Latin America,DrugA,Angiotrol,1,9.6,7903.0,6066,5232,3002,10281,1.3,302,340,215000,75868.8
2023-01,WH-LA-01,Sao Paulo DC,LATAM,DrugB,Betacor,0,3.15,11703.0,4577,4409,2265,7757,2.56,611,830,215000,36864.45
2023-01,WH-LA-01,Sao Paulo DC,Latin America,DrugC,Cholestat,1,12.3,4704.0,4427,3691,2191,7503,1.06,208,805,215000,57859.2
2023-01,WH-LA-01,Sao Paulo DC,Latin America,DrugX,Nephrolyte,0,1.85,56445.0,15488,15468,7666,26251,3.64,460,5331,215000,104423.25
2023-01,WH-LA-01,Sao Paulo DC,Latin America,DrugY,Cardiovex,0,2.4,80255.0,25813,25813,12777,43752,3.11,508,12846,215000,192612.0
2023-02,WH-LA-01,Sao Paulo DC,Latin America,DrugA,Angiotrol,1,9.6,9899.0,6283,5549,3110,10649,1.58,267,1201,215000,95030.4
2023-02,WH-LA-01,Sao Paulo DC,LATAM,DrugB,Betacor,0,3.15,12026.0,4265,4113,2111,7229,2.82,281,797,215000,37881.9
2023-02,WH-LA-01,Sao Paulo DC,Latin America,DrugC,Cholestat,1,12.3,7776.0,4617,4147,2285,7825,1.68,321,197,215000,95644.8
2023-02,WH-LA-01,Sao Paulo DC,Latin America,DrugX,Nephrolyte,0,1.85,46071.0,13703,12973,6782,23225,3.36,644,8916,215000,85231.35
2023-02,WH-LA-01,Sao Paulo DC,Latin America,DrugY,Cardiovex,0,2.4,105519.0,23332,22569,11549,39547,4.52,486,35280,215000,253245.6
2023-03,WH-LA-01,Sao Paulo DC,Latin America,DrugA,Angiotrol,1,9.6,14023.0,6130,5375,3034,10390,2.29,404,1294,215000,134620.8
2023-03,WH-LA-01,Sao Paulo DC,Latin America,DrugB,Betacor,0,3.15,12456.0,4579,4519,2266,7760,2.72,546,2976,215000,39236.4
2023-03,WH-LA-01,Sao Paulo DC,LATAM,DrugC,Cholestat,1,12.3,9265.0,4429,4185,2192,7506,2.09,74,386,215000,113959.5
2023-03,WH-LA-01,Sao Paulo DC,Latin America,DrugX,Nephrolyte,0,1.85,48937.0,14237,13480,7047,24131,3.44,415,5066,215000,90533.45
2023-03,WH-LA-01,Sao Paulo DC,Latin America,DrugY,Cardiovex,0,2.4,,25868,25868,12804,43845,3.04,655,3955,215000,188575.2
2023-04,WH-LA-01,Sao Paulo DC,Latin America,DrugA,Angiotrol,1,9.6,5197.0,5719,5246,2830,9692,0.91,178,499,215000,49891.2
2023-04,WH-LA-01,Sao Paulo DC,Latin America,DrugB,Betacor,0,3.15,9429.0,3853,3684,1907,6530,2.45,173,581,215000,29701.35
2023-04,WH-LA-01,Sao Paulo DC,LATAM,DrugC,Cholestat,1,12.3,10385.0,3900,3890,1930,6610,2.66,190,600,215000,127735.5
2023-04,WH-LA-01,Sao Paulo DC,Latin America,DrugX,Nephrolyte,0,1.85,46882.0,12324,12086,6100,20888,3.8,568,375,215000,86731.7
2023-04,WH-LA-01,Sao Paulo DC,Latin America,DrugY,Cardiovex,0,2.4,66693.0,22282,20251,11029,37767,2.99,642,4649,215000,160063.2
2023-05,WH-LA-01,Sao Paulo DC,Latin America,DrugA,Angiotrol,1,9.6,5488.0,5027,4479,2488,8520,1.09,369,1567,215000,52684.8
2023-05,WH-LA-01,Sao Paulo DC,Latin America,DrugB,Betacor,0,3.15,8046.0,3857,3857,1909,6537,2.09,356,582,215000,25344.9
2023-05,WH-LA-01,Sao Paulo DC,Latin America,DrugC,Cholestat,1,12.3,4615.0,3743,3440,1852,6343,1.23,142,565,215000,56764.5
2023-05,WH-LA-01,Sao Paulo DC,Latin America,DrugX,Nephrolyte,0,1.85,26757.0,12507,12368,6190,21198,2.14,533,905,215000,49500.45
2023-05,WH-LA-01,Sao Paulo DC,Latin America,DrugY,Cardiovex,0,2.4,86963.0,21944,18614,10862,37194,3.96,253,4636,215000,208711.2
2023-06,WH-LA-01,Sao Paulo DC,Latin America,DrugA,Angiotrol,1,9.6,8563.0,4701,4404,2326,7967,1.82,141,352,215000,82204.8
2023-06,WH-LA-01,Sao Paulo DC,Latin America,DrugB,Betacor,0,3.15,8797.0,3470,3423,1717,5881,2.54,412,660,215000,27710.55
2023-06,WH-LA-01,Sao Paulo DC,Latin America,DrugC,Cholestat,1,12.3,3483.0,3330,2949,1648,5644,1.05,70,583,215000,42840.9
2023-06,WH-LA-01,Sao Paulo DC,Latin America,DrugX,Nephrolyte,0,1.85,39046.0,11636,9863,5759,19722,3.36,696,637,215000,72235.1
2023-06,WH-LA-01,Sao Paulo DC,Latin America,DrugY,Cardiovex,0,2.4,51198.0,20746,20746,10269,35164,2.47,437,2887,215000,122875.2
2023-07,WH-LA-01,Sao Paulo DC,Latin America,DrugA,Angiotrol,1,9.6,2154.0,4715,4301,2333,7991,0.46,318,9,215000,20678.4
2023-07,WH-LA-01,Sao Paulo DC,Latin America,DrugB,Betacor,0,3.15,11408.0,3306,3177,1636,5603,3.45,422,1919,215000,35935.2
2023-07,WH-LA-01,Sao Paulo DC,Latin America,DrugC,Cholestat,1,12.3,10610.0,3524,3333,1744,5972,3.01,5,1430,215000,130503.0
2023-07,WH-LA-01,Sao Paulo DC,Latin America,DrugX,Nephrolyte,0,1.85,36814.0,10553,9990,5223,17886,3.49,366,7849,215000,68105.9
2023-07,WH-LA-01,Sao Paulo DC,Latin America,DrugY,Cardiovex,0,2.4,44523.0,18606,15882,9209,31536,2.39,530,8267,215000,106855.2
2023-08,WH-LA-01,Sao Paulo DC,Latin America,DrugA,Angiotrol,1,9.6,8301.0,4784,4308,2368,8108,1.74,259,149,215000,79689.6
2023-08,WH-LA-01,Sao Paulo DC,Latin America,DrugB,Betacor,0,3.15,10332.0,3450,3236,1707,5847,3.0,150,2472,215000,32545.8
2023-08,WH-LA-01,Sao Paulo DC,Latin America,DrugC,Cholestat,1,12.3,6063.0,3414,3210,1689,5785,1.78,51,278,215000,74574.9
2023-08,WH-LA-01,Sao Paulo DC,Latin America,DrugX,Nephrolyte,0,1.85,55412.0,11836,11515,5858,20061,4.68,349,1172,215000,102512.2
2023-08,WH-LA-01,Sao Paulo DC,Latin America,DrugY,Cardiovex,0,2.4,74699.0,20711,20711,10251,35104,3.61,567,8433,215000,179277.6
2023-09,WH-LA-01,Sao Paulo DC,Latin America,DrugA,Angiotrol,1,9.6,10377.0,5824,5651,2882,9870,1.78,479,2671,215000,99619.2
2023-09,WH-LA-01,Sao Paulo DC,Latin America,DrugB,Betacor,0,3.15,14249.0,3477,3228,1721,5893,4.1,295,673,215000,44884.35
2023-09,WH-LA-01,Sao Paulo DC,Latin America,DrugC,Cholestat,1,12.3,5426.0,3426,3426,1695,5806,1.58,312,300,215000,66739.8
2023-09,WH-LA-01,Sao Paulo DC,Latin America,DrugX,Nephrolyte,0,1.85,33653.0,12276,12186,6076,20807,2.74,550,4971,215000,62258.05
2023-09,WH-LA-01,Sao Paulo DC,Latin America,DrugY,Cardiovex,0,2.4,72540.0,20219,18345,10008,34270,3.59,430,4641,215000,174096.0
2023-10,WH-LA-01,Sao Paulo DC,Latin America,DrugA,Angiotrol,1,9.6,,5542,5461,2743,9393,2.64,422,3268,215000,140668.8
2023-10,WH-LA-01,Sao Paulo DC,LATAM,DrugB,Betacor,0,3.15,5696.0,4121,3777,2039,6984,1.38,221,750,215000,17942.4
2023-10,WH-LA-01,Sao Paulo DC,Latin America,DrugC,Cholestat,1,12.3,807.0,4039,3415,1999,6845,0.2,324,98,215000,9926.1
2023-10,WH-LA-01,Sao Paulo DC,Latin America,DrugX,Nephrolyte,0,1.85,46909.0,13686,13618,6774,23197,3.43,385,12508,215000,86781.65
2023-10,WH-LA-01,Sao Paulo DC,Latin America,DrugY,Cardiovex,0,2.4,115071.0,22704,21718,11238,38482,5.07,449,19219,215000,276170.4
2023-11,WH-LA-01,Sao Paulo DC,Latin America,DrugA,Angiotrol,1,9.6,6996.0,6615,5970,3274,11212,1.06,135,1115,215000,67161.6
2023-11,WH-LA-01,Sao Paulo DC,Latin America,DrugB,Betacor,0,3.15,14422.0,4247,4079,2102,7198,3.4,361,623,215000,45429.3
2023-11,WH-LA-01,Sao Paulo DC,Latin America,DrugC,Cholestat,1,12.3,9786.0,4858,4858,2404,8233,2.01,174,3372,215000,120367.8
2023-11,WH-LA-01,Sao Paulo DC,Latin America,DrugX,Nephrolyte,0,1.85,48759.0,13976,13197,6918,23689,3.49,281,5395,215000,90204.15
2023-11,WH-LA-01,Sao Paulo DC,LATAM,DrugY,Cardiovex,0,2.4,66488.0,24014,22614,11886,40702,2.77,455,9432,215000,159571.2
2023-12,WH-LA-01,Sao Paulo DC,Latin America,DrugA,Angiotrol,1,9.6,19348.0,6967,6217,3448,11808,2.78,333,860,215000,185740.8
2023-12,WH-LA-01,Sao Paulo DC,Latin America,DrugB,Betacor,0,3.15,7126.0,4588,4265,2271,7776,1.55,407,296,215000,22446.9
2023-12,WH-LA-01,Sao Paulo DC,Latin America,DrugC,Cholestat,1,12.3,8369.0,5015,4393,2482,8500,1.67,117,741,215000,102938.7
2023-12,WH-LA-01,Sao Paulo DC,Latin America,DrugX,Nephrolyte,0,1.85,57276.0,14962,14254,7406,25360,3.83,246,4488,215000,105960.6
2023-12,WH-LA-01,Sao Paulo DC,Latin America,DrugY,Cardiovex,0,2.4,83855.0,26532,26532,13133,44971,3.16,564,10620,215000,201252.0
2024-01,WH-LA-01,Sao Paulo DC,Latin America,DrugA,Angiotrol,1,9.6,11977.0,6645,6307,3289,11263,1.8,263,355,215000,114979.2
2024-01,WH-LA-01,Sao Paulo DC,Latin America,DrugB,Betacor,0,3.15,16263.0,4565,4101,2259,7737,3.56,469,1275,215000,51228.45
2024-01,WH-LA-01,Sao Paulo DC,Latin America,DrugC,Cholestat,1,12.3,9596.0,4693,4272,2323,7954,2.04,137,1776,215000,118030.8
2024-01,WH-LA-01,Sao Paulo DC,Latin America,DrugX,Nephrolyte,0,1.85,50945.0,16429,15477,8132,27846,3.1,334,4739,215000,94248.25
2024-01,WH-LA-01,Sao Paulo DC,Latin America,DrugY,Cardiovex,0,2.4,89137.0,26793,24742,13262,45413,3.33,546,13970,215000,213928.8
2024-02,WH-LA-01,Sao Paulo DC,Latin America,DrugA,Angiotrol,1,9.6,13298.0,6914,6914,3422,11718,1.92,215,1096,215000,127660.8
2024-02,WH-LA-01,Sao Paulo DC,Latin America,DrugB,Betacor,0,3.15,14292.0,4612,4224,2282,7816,3.1,291,776,215000,45019.8
2024-02,WH-LA-01,Sao Paulo DC,Latin America,DrugC,Cholestat,1,12.3,7061.0,4854,4438,2402,8226,1.45,19,443,215000,86850.3
2024-02,WH-LA-01,Sao Paulo DC,Latin America,DrugX,Nephrolyte,0,1.85,29180.0,16706,14768,8269,28316,1.75,488,1383,215000,53983.0
2024-02,WH-LA-01,Sao Paulo DC,Latin America,DrugY,Cardiovex,0,2.4,85943.0,27516,22602,13620,46639,3.12,748,7987,215000,206263.2
2024-03,WH-LA-01,Sao Paulo DC,Latin America,DrugA,Angiotrol,1,9.6,8292.0,6645,6009,3289,11263,1.25,276,1496,215000,79603.2
2024-03,WH-LA-01,Sao Paulo DC,Latin America,DrugB,Betacor,0,3.15,3918.0,4635,4439,2294,7856,0.85,342,305,215000,12341.7
2024-03,WH-LA-01,Sao Paulo DC,Latin America,DrugC,Cholestat,1,12.3,13020.0,4570,3687,2262,7746,2.85,425,2099,215000,160146.0
2024-03,WH-LA-01,Sao Paulo DC,Latin America,DrugX,Nephrolyte,0,1.85,31931.0,15221,14274,7534,25799,2.1,477,2405,215000,59072.35
2024-03,WH-LA-01,Sao Paulo DC,Latin America,DrugY,Cardiovex,0,2.4,81298.0,25292,25292,12519,42869,3.21,594,24307,215000,195115.2
2024-04,WH-LA-01,Sao Paulo DC,Latin America,DrugA,Angiotrol,1,9.6,7040.0,6261,5623,3099,10612,1.12,505,211,215000,67584.0
2024-04,WH-LA-01,Sao Paulo DC,LATAM,DrugB,Betacor,0,3.15,13988.0,4241,4101,2099,7188,3.3,331,611,215000,44062.2
2024-04,WH-LA-01,Sao Paulo DC,Latin America,DrugC,Cholestat,1,12.3,8867.0,4339,4289,2147,7353,2.04,212,409,215000,109064.1
2024-04,WH-LA-01,Sao Paulo DC,Latin America,DrugX,Nephrolyte,0,1.85,48795.0,13397,13015,6631,22707,3.64,694,11197,215000,90270.75
2024-04,WH-LA-01,Sao Paulo DC,Latin America,DrugY,Cardiovex,0,2.4,84687.0,25528,23375,12636,43269,3.32,455,11912,215000,203248.8
2024-05,WH-LA-01,Sao Paulo DC,Latin America,DrugA,Angiotrol,1,9.6,11530.0,5737,5737,2839,9723,2.01,246,1652,215000,110688.0
2024-05,WH-LA-01,Sao Paulo DC,Latin America,DrugB,Betacor,0,3.15,13002.0,3880,3513,1920,6576,3.35,346,2681,215000,40956.3
2024-05,WH-LA-01,Sao Paulo DC,Latin America,DrugC,Cholestat,1,12.3,10971.0,3877,3501,1919,6571,2.83,242,200,215000,134943.3
2024-05,WH-LA-01,Sao Paulo DC,Latin America,DrugX,Nephrolyte,0,1.85,42298.0,14063,14063,6961,23836,3.01,214,6477,215000,78251.3
2024-05,WH-LA-01,Sao Paulo DC,Latin America,DrugY,Cardiovex,0,2.4,90835.0,21482,20830,10633,36411,4.23,378,9123,215000,218004.0
2024-06,WH-LA-01,Sao Paulo DC,Latin America,DrugA,Angiotrol,1,9.6,10471.0,4956,4956,2453,8400,2.11,117,2737,215000,100521.6
2024-06,WH-LA-01,Sao Paulo DC,Latin America,DrugB,Betacor,0,3.15,12330.0,4175,4083,2066,7076,2.95,326,746,215000,38839.5
2024-06,WH-LA-01,Sao Paulo DC,Latin America,DrugC,Cholestat,1,12.3,1859.0,3797,3777,1879,6435,0.49,5,323,215000,22865.7
2024-06,WH-LA-01,Sao Paulo DC,Latin America,DrugX,Nephrolyte,0,1.85,32752.0,12245,11467,6061,20755,2.67,482,6984,215000,60591.2
2024-06,WH-LA-01,Sao Paulo DC,Latin America,DrugY,Cardiovex,0,2.4,90118.0,21383,20170,10584,36243,4.21,432,7804,215000,216283.2
2024-07,WH-LA-01,Sao Paulo DC,Latin America,DrugA,Angiotrol,1,9.6,10128.0,5333,5032,2639,9038,1.9,137,690,215000,97228.8
2024-07,WH-LA-01,Sao Paulo DC,Latin America,DrugB,Betacor,0,3.15,12613.0,3743,3743,1852,6343,3.37,597,2808,215000,39730.95
2024-07,WH-LA-01,Sao Paulo DC,Latin America,DrugC,Cholestat,1,12.3,7874.0,3765,3419,1863,6381,2.09,188,726,215000,96850.2
2024-07,WH-LA-01,Sao Paulo DC,Latin America,DrugX,Nephrolyte,0,1.85,43110.0,11996,11841,5938,20333,3.59,361,3903,215000,79753.5
2024-07,WH-LA-01,Sao Paulo DC,Latin America,DrugY,Cardiovex,0,2.4,53165.0,20909,20909,10349,35439,2.54,452,5049,215000,127596.0
2024-08,WH-LA-01,Sao Paulo DC,Latin America,DrugA,Angiotrol,1,9.6,10324.0,5112,4896,2530,8664,2.02,369,1072,215000,99110.4
2024-08,WH-LA-01,Sao Paulo DC,Latin America,DrugB,Betacor,0,3.15,4520.0,3734,3531,1848,6328,1.21,356,927,215000,14238.0
2024-08,WH-LA-01,Sao Paulo DC,Latin America,DrugC,Cholestat,1,12.3,2059.0,4171,3985,2064,7069,0.49,357,10,215000,25325.7
2024-08,WH-LA-01,Sao Paulo DC,Latin America,DrugX,Nephrolyte,0,1.85,48984.0,13739,13739,6800,23286,3.57,587,948,215000,90620.4
2024-08,WH-LA-01,Sao Paulo DC,Latin America,DrugY,Cardiovex,0,2.4,5009.0,21845,21693,10813,37027,0.23,573,361,215000,12021.6
2024-09,WH-LA-01,Sao Paulo DC,Latin America,DrugA,Angiotrol,1,9.6,4182.0,5586,5152,2765,9468,0.75,25,482,215000,40147.2
2024-09,WH-LA-01,Sao Paulo DC,Latin America,DrugB,Betacor,0,3.15,14442.0,4284,3916,2120,7260,3.37,492,1151,215000,45492.3
2024-09,WH-LA-01,Sao Paulo DC,Latin America,DrugC,Cholestat,1,12.3,2887.0,4055,3316,2007,6873,0.71,228,159,215000,35510.1
2024-09,WH-LA-01,Sao Paulo DC,LATAM,DrugX,Nephrolyte,0,1.85,35144.0,13618,13534,6740,23081,2.58,521,6257,215000,65016.4
2024-09,WH-LA-01,Sao Paulo DC,Latin America,DrugY,Cardiovex,0,2.4,47789.0,22527,19152,11150,38182,2.12,531,928,215000,114693.6
2024-10,WH-LA-01,Sao Paulo DC,LATAM,DrugA,Angiotrol,1,9.6,15199.0,6416,6416,3175,10874,2.37,259,2214,215000,145910.4
2024-10,WH-LA-01,Sao Paulo DC,Latin America,DrugB,Betacor,0,3.15,7082.0,4144,3586,2051,7023,1.71,134,619,215000,22308.3
2024-10,WH-LA-01,Sao Paulo DC,Latin America,DrugC,Cholestat,1,12.3,13149.0,4286,3810,2121,7264,3.07,193,1730,215000,161732.7
2024-10,WH-LA-01,Sao Paulo DC,Latin America,DrugX,Nephrolyte,0,1.85,48498.0,15277,15209,7562,25894,3.17,388,8616,215000,89721.3
2024-10,WH-LA-01,Sao Paulo DC,Latin America,DrugY,Cardiovex,0,2.4,54151.0,23112,22035,11440,39174,2.34,426,8906,215000,129962.4
2024-11,WH-LA-01,Sao Paulo DC,Latin America,DrugA,Angiotrol,1,9.6,16248.0,7088,6565,3508,12013,2.29,289,3839,215000,155980.8
2024-11,WH-LA-01,Sao Paulo DC,Latin America,DrugB,Betacor,0,3.15,14299.0,4635,4635,2294,7856,3.09,332,2873,215000,45041.85
2024-11,WH-LA-01,Sao Paulo DC,Latin America,DrugC,Cholestat,1,12.3,13872.0,4671,4296,2312,7917,2.97,209,3759,215000,170625.6
2024-11,WH-LA-01,Sao Paulo DC,Latin America,DrugX,Nephrolyte,0,1.85,45105.0,16531,15074,8182,28019,2.73,364,2371,215000,83444.25
2024-11,WH-LA-01,Sao Paulo DC,Latin America,DrugY,Cardiovex,0,2.4,70519.0,27967,26178,13843,47403,2.52,628,8462,215000,169245.6
2024-12,WH-LA-01,Sao Paulo DC,Latin America,DrugA,Angiotrol,1,9.6,10016.0,7343,6509,3634,12445,1.36,383,864,215000,96153.6
2024-12,WH-LA-01,Sao Paulo DC,Latin America,DrugB,Betacor,0,3.15,13790.0,5465,4847,2705,9263,2.52,139,972,215000,43438.5
2024-12,WH-LA-01,Sao Paulo DC,Latin America,DrugC,Cholestat,1,12.3,11601.0,4846,4264,2398,8213,2.39,10,495,215000,142692.3
2024-12,WH-LA-01,Sao Paulo DC,LATAM,DrugX,Nephrolyte,0,1.85,61097.0,17611,16801,8717,29850,3.47,336,3913,215000,113029.45
2024-12,WH-LA-01,Sao Paulo DC,Latin America,DrugY,Cardiovex,0,2.4,,28859,28859,14285,48915,2.88,451,5020,215000,199442.4
2025-01,WH-LA-01,Sao Paulo DC,Latin America,DrugA,Angiotrol,1,9.6,24795.0,8124,7260,4021,13769,3.05,238,4787,215000,238032.0
2025-01,WH-LA-01,Sao Paulo DC,Latin America,DrugB,Betacor,0,3.15,11972.0,5081,4400,2515,8612,2.36,568,922,215000,37711.8
2025-01,WH-LA-01,Sao Paulo DC,Latin America,DrugC,Cholestat,1,12.3,16225.0,5508,5508,2726,9335,2.95,230,1440,215000,199567.5
2025-01,WH-LA-01,Sao Paulo DC,Latin America,DrugX,Nephrolyte,0,1.85,53134.0,17181,14608,8504,29121,3.09,411,11950,215000,98297.9
2025-01,WH-LA-01,Sao Paulo DC,Latin America,DrugY,Cardiovex,0,2.4,68868.0,27889,26891,13805,47271,2.47,357,7623,215000,165283.2
2025-02,WH-LA-01,Sao Paulo DC,Latin America,DrugA,Angiotrol,1,9.6,9470.0,7428,6897,3676,12589,1.27,343,566,215000,90912.0
2025-02,WH-LA-01,Sao Paulo DC,Latin America,DrugB,Betacor,0,3.15,12255.0,5097,5032,2523,8639,2.4,316,1062,215000,38603.25
2025-02,WH-LA-01,Sao Paulo DC,Latin America,DrugC,Cholestat,1,12.3,14613.0,5211,4050,2579,8832,2.8,113,2655,215000,179739.9
2025-02,WH-LA-01,Sao Paulo DC,Latin America,DrugX,Nephrolyte,0,1.85,52442.0,18326,18237,9071,31062,2.86,318,1240,215000,97017.7
2025-02,WH-LA-01,Sao Paulo DC,Latin America,DrugY,Cardiovex,0,2.4,103476.0,27120,25429,13424,45968,3.82,774,3318,215000,248342.4
2025-03,WH-LA-01,Sao Paulo DC,Latin America,DrugA,Angiotrol,1,9.6,17342.0,7419,7039,3672,12574,2.34,241,2026,215000,166483.2
2025-03,WH-LA-01,Sao Paulo DC,Latin America,DrugB,Betacor,0,3.15,6972.0,4721,4721,2336,8001,1.48,124,2070,215000,21961.8
2025-03,WH-LA-01,Sao Paulo DC,Latin America,DrugC,Cholestat,1,12.3,10377.0,5349,5265,2647,9065,1.94,142,407,215000,127637.1
2025-03,WH-LA-01,Sao Paulo DC,Latin America,DrugX,Nephrolyte,0,1.85,49619.0,15988,14801,7914,27099,3.1,330,7151,215000,91795.15
2025-03,WH-LA-01,Sao Paulo DC,Latin America,DrugY,Cardiovex,0,2.4,47362.0,28271,26974,13994,47919,1.68,385,5345,215000,113668.8
2025-04,WH-LA-01,Sao Paulo DC,Latin America,DrugA,Angiotrol,1,9.6,14292.0,6697,6512,3315,11351,2.13,326,2803,215000,137203.2
2025-04,WH-LA-01,Sao Paulo DC,Latin America,DrugB,Betacor,0,3.15,19235.0,4403,4285,2179,7462,4.37,117,2154,215000,60590.25
2025-04,WH-LA-01,Sao Paulo DC,Latin America,DrugC,Cholestat,1,12.3,7247.0,4598,4598,2276,7793,1.58,5,737,215000,89138.1
2025-04,WH-LA-01,Sao Paulo DC,Latin America,DrugX,Nephrolyte,0,1.85,40938.0,15174,14756,7511,25719,2.7,351,3057,215000,75735.3
2025-04,WH-LA-01,Sao Paulo DC,Latin America,DrugY,Cardiovex,0,2.4,72578.0,23959,22661,11859,40609,3.03,567,5835,215000,174187.2
2025-05,WH-LA-01,Sao Paulo DC,Latin America,DrugA,Angiotrol,1,9.6,12762.0,5677,5376,2810,9622,2.25,260,630,215000,122515.2
2025-05,WH-LA-01,Sao Paulo DC,Latin America,DrugB,Betacor,0,3.15,21096.0,4347,4174,2151,7367,4.85,313,4947,215000,66452.4
2025-05,WH-LA-01,Sao Paulo DC,Latin America,DrugC,Cholestat,1,12.3,6793.0,4202,4061,2079,7121,1.62,246,2107,215000,83553.9
2025-05,WH-LA-01,Sao Paulo DC,Latin America,DrugX,Nephrolyte,0,1.85,59279.0,14517,14497,7185,24605,4.08,463,11844,215000,109666.15
2025-05,WH-LA-01,Sao Paulo DC,Latin America,DrugY,Cardiovex,0,2.4,71703.0,24029,22754,11894,40728,2.98,411,10866,215000,172087.2
2025-06,WH-LA-01,Sao Paulo DC,Latin America,DrugA,Angiotrol,1,9.6,,5817,5817,2879,9859,2.48,115,2787,215000,138681.6
2025-06,WH-LA-01,Sao Paulo DC,Latin America,DrugB,Betacor,0,3.15,16223.0,3955,3955,1957,6703,4.1,264,951,215000,51102.45
2025-06,WH-LA-01,Sao Paulo DC,Latin America,DrugC,Cholestat,1,12.3,9367.0,3961,3961,1960,6713,2.36,297,239,215000,115214.1
2025-06,WH-LA-01,Sao Paulo DC,Latin America,DrugX,Nephrolyte,0,1.85,60317.0,12993,12993,6431,22022,4.64,307,7241,215000,111586.45
2025-06,WH-LA-01,Sao Paulo DC,Latin America,DrugY,Cardiovex,0,2.4,78462.0,23191,23191,11479,39308,3.38,659,6785,215000,188308.8
2025-07,WH-LA-01,Sao Paulo DC,LATAM,DrugA,Angiotrol,1,9.6,12854.0,5665,4525,2804,9602,2.27,128,2322,215000,123398.4
2025-07,WH-LA-01,Sao Paulo DC,Latin America,DrugB,Betacor,0,3.15,10257.0,4332,3924,2144,7342,2.37,176,347,215000,32309.55
2025-07,WH-LA-01,Sao Paulo DC,Latin America,DrugC,Cholestat,1,12.3,8784.0,4012,3406,1985,6799,2.19,411,1043,215000,108043.2
2025-07,WH-LA-01,Sao Paulo DC,Latin America,DrugX,Nephrolyte,0,1.85,51517.0,12523,10773,6198,21225,4.11,381,325,215000,95306.45
2025-07,WH-LA-01,Sao Paulo DC,Latin America,DrugY,Cardiovex,0,2.4,64381.0,21253,19672,10520,36023,3.03,416,1733,215000,154514.4
2025-08,WH-LA-01,Sao Paulo DC,Latin America,DrugA,Angiotrol,1,9.6,8616.0,6259,5941,3098,10608,1.38,130,155,215000,82713.6
2025-08,WH-LA-01,Sao Paulo DC,Latin America,DrugB,Betacor,0,3.15,17921.0,4298,3733,2127,7284,4.17,51,4127,215000,56451.15
2025-08,WH-LA-01,Sao Paulo DC,Latin America,DrugC,Cholestat,1,12.3,,4110,3736,2034,6966,1.82,212,2400,215000,92114.7
2025-08,WH-LA-01,Sao Paulo DC,Latin America,DrugX,Nephrolyte,0,1.85,17567.0,14314,14225,7085,24261,1.23,335,1920,215000,32498.95
2025-08,WH-LA-01,Sao Paulo DC,Latin America,DrugY,Cardiovex,0,2.4,66505.0,23429,17095,11597,39711,2.84,400,11429,215000,159612.0
2025-09,WH-LA-01,Sao Paulo DC,Latin America,DrugA,Angiotrol,1,9.6,18708.0,6098,5816,3018,10335,3.07,137,736,215000,179596.8
2025-09,WH-LA-01,Sao Paulo DC,Latin America,DrugB,Betacor,0,3.15,15316.0,4611,4302,2282,7815,3.32,381,381,215000,48245.4
2025-09,WH-LA-01,Sao Paulo DC,Latin America,DrugC,Cholestat,1,12.3,7348.0,4275,4275,2116,7246,1.72,288,74,215000,90380.4
2025-09,WH-LA-01,Sao Paulo DC,Latin America,DrugX,Nephrolyte,0,1.85,,14762,14762,7307,25021,2.84,226,3913,215000,77687.05
2025-09,WH-LA-01,Sao Paulo DC,Latin America,DrugY,Cardiovex,0,2.4,71795.0,25406,24261,12575,43062,2.83,498,8417,215000,172308.0
2025-10,WH-LA-01,Sao Paulo DC,Latin America,DrugA,Angiotrol,1,9.6,11948.0,6495,6495,3215,11009,1.84,330,4129,215000,114700.8
2025-10,WH-LA-01,Sao Paulo DC,LATAM,DrugB,Betacor,0,3.15,14164.0,5120,5058,2534,8678,2.77,503,2840,215000,44616.6
2025-10,WH-LA-01,Sao Paulo DC,Latin America,DrugC,Cholestat,1,12.3,9392.0,4879,4612,2415,8269,1.93,173,112,215000,115521.6
2025-10,WH-LA-01,Sao Paulo DC,Latin America,DrugX,Nephrolyte,0,1.85,37915.0,16917,16917,8373,28673,2.24,497,12876,215000,70142.75
2025-10,WH-LA-01,Sao Paulo DC,Latin America,DrugY,Cardiovex,0,2.4,122587.0,28079,27368,13899,47593,4.37,487,17865,215000,294208.8
2025-11,WH-LA-01,Sao Paulo DC,Latin America,DrugA,Angiotrol,1,9.6,25414.0,7603,6707,3763,12886,3.34,555,2725,215000,243974.4
2025-11,WH-LA-01,Sao Paulo DC,LATAM,DrugB,Betacor,0,3.15,16384.0,5266,4845,2606,8925,3.11,455,2355,215000,51609.6
2025-11,WH-LA-01,Sao Paulo DC,Latin America,DrugC,Cholestat,1,12.3,7814.0,5252,4807,2599,8901,1.49,331,36,215000,96112.2
2025-11,WH-LA-01,Sao Paulo DC,Latin America,DrugX,Nephrolyte,0,1.85,54555.0,18063,15014,8941,30616,3.02,433,8432,215000,100926.75
2025-11,WH-LA-01,Sao Paulo DC,Latin America,DrugY,Cardiovex,0,2.4,84283.0,29014,26446,14361,49177,2.9,578,17626,215000,202279.2
2025-12,WH-LA-01,Sao Paulo DC,Latin America,DrugA,Angiotrol,1,9.6,,7399,7094,3662,12540,1.19,392,133,215000,84163.2
2025-12,WH-LA-01,Sao Paulo DC,LATAM,DrugB,Betacor,0,3.15,18662.0,5212,4322,2579,8833,3.58,423,824,215000,58785.3
2025-12,WH-LA-01,Sao Paulo DC,Latin America,DrugC,Cholestat,1,12.3,1727.0,5591,5128,2767,9476,0.31,380,133,215000,21242.1
2025-12,WH-LA-01,Sao Paulo DC,Latin America,DrugX,Nephrolyte,0,1.85,81184.0,18909,18909,9359,32049,4.29,285,10586,215000,150190.4
2025-12,WH-LA-01,Sao Paulo DC,Latin America,DrugY,Cardiovex,0,2.4,115849.0,32171,31128,15924,54529,3.6,273,8023,215000,278037.6
2023-01,WH-ME-01,Dubai DC,Middle East & Africa,DrugA,Angiotrol,1,9.6,10511.0,4747,4600,2349,8045,2.21,288,534,150000,100905.6
2023-01,WH-ME-01,Dubai DC,Middle East & Africa,DrugB,Betacor,0,3.15,7781.0,3122,2991,1545,5291,2.49,347,179,150000,24510.15
2023-01,WH-ME-01,Dubai DC,Middle East & Africa,DrugC,Cholestat,1,12.3,4197.0,2972,2736,1471,5037,1.41,119,137,150000,51623.1
2023-01,WH-ME-01,Dubai DC,Middle East & Africa,DrugX,Nephrolyte,0,1.85,,10523,9729,5208,17835,2.52,343,3300,150000,48982.45
2023-01,WH-ME-01,Dubai DC,Middle East & Africa,DrugY,Cardiovex,0,2.4,69039.0,16589,15672,8211,28117,4.16,474,1818,150000,165693.6
2023-02,WH-ME-01,Dubai DC,Middle East & Africa,DrugA,Angiotrol,1,9.6,7368.0,4578,4285,2266,7759,1.61,380,806,150000,70732.8
2023-02,WH-ME-01,Dubai DC,Middle East & Africa,DrugB,Betacor,0,3.15,11772.0,3105,2794,1536,5262,3.79,341,1736,150000,37081.8
2023-02,WH-ME-01,Dubai DC,Middle East & Africa,DrugC,Cholestat,1,12.3,2058.0,3144,3099,1556,5328,0.65,312,98,150000,25313.4
2023-02,WH-ME-01,Dubai DC,Middle East & Africa,DrugX,Nephrolyte,0,1.85,34485.0,10241,9934,5069,17358,3.37,463,1228,150000,63797.25
2023-02,WH-ME-01,Dubai DC,MEA,DrugY,Cardiovex,0,2.4,54479.0,17473,17401,8649,29616,3.12,646,819,150000,130749.6
2023-03,WH-ME-01,Dubai DC,Middle East & Africa,DrugA,Angiotrol,1,9.6,4685.0,4437,4437,2196,7520,1.06,268,633,150000,44976.0
2023-03,WH-ME-01,Dubai DC,Middle East & Africa,DrugB,Betacor,0,3.15,6137.0,2636,2307,1304,4467,2.33,356,398,150000,19331.55
2023-03,WH-ME-01,Dubai DC,Middle East & Africa,DrugC,Cholestat,1,12.3,562.0,2814,2720,1392,4768,0.2,81,20,150000,6912.6
2023-03,WH-ME-01,Dubai DC,Middle East & Africa,DrugX,Nephrolyte,0,1.85,22753.0,9506,8589,4705,16112,2.39,329,1055,150000,42093.05
2023-03,WH-ME-01,Dubai DC,Middle East & Africa,DrugY,Cardiovex,0,2.4,73453.0,17004,16624,8416,28820,4.32,385,9076,150000,176287.2
2023-04,WH-ME-01,Dubai DC,Middle East & Africa,DrugA,Angiotrol,1,9.6,792.0,3964,3964,1962,6718,0.2,432,14,150000,7603.2
2023-04,WH-ME-01,Dubai DC,Middle East & Africa,DrugB,Betacor,0,3.15,7455.0,2691,2663,1332,4561,2.77,267,1103,150000,23483.25
2023-04,WH-ME-01,Dubai DC,Middle East & Africa,DrugC,Cholestat,1,12.3,5026.0,2713,2684,1342,4597,1.85,236,240,150000,61819.8
2023-04,WH-ME-01,Dubai DC,Middle East & Africa,DrugX,Nephrolyte,0,1.85,39163.0,8795,8114,4353,14907,4.45,579,5046,150000,72451.55
2023-04,WH-ME-01,Dubai DC,Middle East & Africa,DrugY,Cardiovex,0,2.4,50148.0,14698,14198,7275,24912,3.41,454,6904,150000,120355.2
2023-05,WH-ME-01,Dubai DC,Middle East & Africa,DrugA,Angiotrol,1,9.6,4169.0,4180,4036,2069,7085,1.0,288,175,150000,40022.4
2023-05,WH-ME-01,Dubai DC,Middle East & Africa,DrugB,Betacor,0,3.15,9018.0,2556,2384,1265,4332,3.53,311,329,150000,28406.7
2023-05,WH-ME-01,Dubai DC,Middle East & Africa,DrugC,Cholestat,1,12.3,6545.0,2664,2408,1318,4514,2.46,317,115,150000,80503.5
2023-05,WH-ME-01,Dubai DC,MEA,DrugX,Nephrolyte,0,1.85,34428.0,9055,8333,4482,15348,3.8,564,863,150000,63691.8
2023-05,WH-ME-01,Dubai DC,Middle East & Africa,DrugY,Cardiovex,0,2.4,65946.0,14575,14464,7214,24704,4.52,473,185,150000,158270.4
2023-06,WH-ME-01,Dubai DC,Middle East & Africa,DrugA,Angiotrol,1,9.6,7052.0,3628,3578,1795,6148,1.94,145,1492,150000,67699.2
2023-06,WH-ME-01,Dubai DC,MEA,DrugB,Betacor,0,3.15,6162.0,2219,2219,1098,3760,2.78,499,531,150000,19410.3
2023-06,WH-ME-01,Dubai DC,Middle East & Africa,DrugC,Cholestat,1,12.3,4743.0,2507,2491,1240,4248,1.89,159,665,150000,58338.9
2023-06,WH-ME-01,Dubai DC,Middle East & Africa,DrugX,Nephrolyte,0,1.85,32037.0,8545,7918,4229,14483,3.75,339,954,150000,59268.45
2023-06,WH-ME-01,Dubai DC,Middle East & Africa,DrugY,Cardiovex,0,2.4,38168.0,14629,12436,7241,24795,2.61,370,3627,150000,91603.2
2023-07,WH-ME-01,Dubai DC,Middle East & Africa,DrugA,Angiotrol,1,9.6,5859.0,3432,3432,1698,5816,1.71,375,929,150000,56246.4
2023-07,WH-ME-01,Dubai DC,Middle East & Africa,DrugB,Betacor,0,3.15,7097.0,2113,2040,1045,3580,3.36,309,621,150000,22355.55
2023-07,WH-ME-01,Dubai DC,Middle East & Africa,DrugC,Cholestat,1,12.3,2768.0,2275,2123,1126,3856,1.22,254,348,150000,34046.4
2023-07,WH-ME-01,Dubai DC,Middle East & Africa,DrugX,Nephrolyte,0,1.85,25206.0,7932,6911,3926,13444,3.18,234,1689,150000,46631.1
2023-07,WH-ME-01,Dubai DC,Middle East & Africa,DrugY,Cardiovex,0,2.4,34259.0,13564,13564,6714,22990,2.53,524,3940,150000,82221.6
2023-08,WH-ME-01,Dubai DC,Middle East & Africa,DrugA,Angiotrol,1,9.6,7076.0,3430,3106,1697,5813,2.06,226,591,150000,67929.6
2023-08,WH-ME-01,Dubai DC,Middle East & Africa,DrugB,Betacor,0,3.15,8676.0,2472,2143,1223,4189,3.51,273,1547,150000,27329.4
2023-08,WH-ME-01,Dubai DC,Middle East & Africa,DrugC,Cholestat,1,12.3,4198.0,2665,2657,1319,4517,1.58,176,635,150000,51635.4
2023-08,WH-ME-01,Dubai DC,Middle East & Africa,DrugX,Nephrolyte,0,1.85,29824.0,7804,7804,3862,13226,3.82,285,7170,150000,55174.4
2023-08,WH-ME-01,Dubai DC,Middle East & Africa,DrugY,Cardiovex,0,2.4,50861.0,14718,14718,7285,24946,3.46,419,2605,150000,122066.4
2023-09,WH-ME-01,Dubai DC,Middle East & Africa,DrugA,Angiotrol,1,9.6,11393.0,4119,3905,2038,6980,2.77,25,1392,150000,109372.8
2023-09,WH-ME-01,Dubai DC,Middle East & Africa,DrugB,Betacor,0,3.15,5116.0,2354,2140,1165,3989,2.17,198,1387,150000,16115.4
2023-09,WH-ME-01,Dubai DC,Middle East & Africa,DrugC,Cholestat,1,12.3,8183.0,2602,2369,1287,4409,3.15,181,249,150000,100650.9
2023-09,WH-ME-01,Dubai DC,Middle East & Africa,DrugX,Nephrolyte,0,1.85,16719.0,8677,7227,4295,14707,1.93,703,818,150000,30930.15
2023-09,WH-ME-01,Dubai DC,Middle East & Africa,DrugY,Cardiovex,0,2.4,48109.0,15858,15573,7849,26878,3.03,509,8572,150000,115461.6
2023-10,WH-ME-01,Dubai DC,Middle East & Africa,DrugA,Angiotrol,1,9.6,6659.0,4037,3761,1998,6842,1.65,236,2101,150000,63926.4
2023-10,WH-ME-01,Dubai DC,Middle East & Africa,DrugB,Betacor,0,3.15,10194.0,2963,2962,1466,5021,3.44,195,1339,150000,32111.1
2023-10,WH-ME-01,Dubai DC,Middle East & Africa,DrugC,Cholestat,1,12.3,589.0,2946,2704,1458,4993,0.2,263,194,150000,7244.7
2023-10,WH-ME-01,Dubai DC,Middle East & Africa,DrugX,Nephrolyte,0,1.85,37385.0,10474,10423,5184,17752,3.57,491,1457,150000,69162.25
2023-10,WH-ME-01,Dubai DC,Middle East & Africa,DrugY,Cardiovex,0,2.4,50045.0,15714,15714,7778,26634,3.18,187,7758,150000,120108.0
2023-11,WH-ME-01,Dubai DC,Middle East & Africa,DrugA,Angiotrol,1,9.6,9608.0,4716,4716,2334,7993,2.04,277,1149,150000,92236.8
2023-11,WH-ME-01,Dubai DC,Middle East & Africa,DrugB,Betacor,0,3.15,14001.0,3239,3180,1603,5489,4.32,459,1744,150000,44103.15
2023-11,WH-ME-01,Dubai DC,Middle East & Africa,DrugC,Cholestat,1,12.3,4070.0,2984,2662,1477,5057,1.36,312,579,150000,50061.0
2023-11,WH-ME-01,Dubai DC,Middle East & Africa,DrugX,Nephrolyte,0,1.85,31944.0,10169,8753,5033,17235,3.14,355,3240,150000,59096.4
2023-11,WH-ME-01,Dubai DC,Middle East & Africa,DrugY,Cardiovex,0,2.4,69270.0,18170,17154,8994,30798,3.81,468,1281,150000,166248.0
2023-12,WH-ME-01,Dubai DC,Middle East & Africa,DrugA,Angiotrol,1,9.6,11851.0,4770,4735,2361,8085,2.48,253,167,150000,113769.6
2023-12,WH-ME-01,Dubai DC,Middle East & Africa,DrugB,Betacor,0,3.15,10480.0,3462,3308,1713,5867,3.03,149,1896,150000,33012.0
2023-12,WH-ME-01,Dubai DC,Middle East & Africa,DrugC,Cholestat,1,12.3,3271.0,3444,3193,1704,5836,0.95,347,109,150000,40233.3
2023-12,WH-ME-01,Dubai DC,Middle East & Africa,DrugX,Nephrolyte,0,1.85,29014.0,10338,9856,5117,17522,2.81,183,5428,150000,53675.9
2023-12,WH-ME-01,Dubai DC,Middle East & Africa,DrugY,Cardiovex,0,2.4,38800.0,19781,18559,9791,33528,1.96,281,1441,150000,93120.0
2024-01,WH-ME-01,Dubai DC,Middle East & Africa,DrugA,Angiotrol,1,9.6,4810.0,5027,4810,2488,8520,0.96,337,694,150000,46176.0
2024-01,WH-ME-01,Dubai DC,Middle East & Africa,DrugB,Betacor,0,3.15,8377.0,3576,3284,1770,6061,2.34,449,676,150000,26387.55
2024-01,WH-ME-01,Dubai DC,Middle East & Africa,DrugC,Cholestat,1,12.3,5719.0,3483,3250,1724,5903,1.64,333,467,150000,70343.7
2024-01,WH-ME-01,Dubai DC,Middle East & Africa,DrugX,Nephrolyte,0,1.85,33655.0,12302,12071,6089,20851,2.74,397,1438,150000,62261.75
2024-01,WH-ME-01,Dubai DC,Middle East & Africa,DrugY,Cardiovex,0,2.4,51792.0,19319,17391,9562,32744,2.68,657,1172,150000,124300.8
2024-02,WH-ME-01,Dubai DC,Middle East & Africa,DrugA,Angiotrol,1,9.6,12485.0,4475,4093,2215,7585,2.79,325,1501,150000,119856.0
2024-02,WH-ME-01,Dubai DC,Middle East & Africa,DrugB,Betacor,0,3.15,8801.0,3388,3388,1677,5742,2.6,261,1724,150000,27723.15
2024-02,WH-ME-01,Dubai DC,Middle East & Africa,DrugC,Cholestat,1,12.3,5522.0,3786,3783,1874,6417,1.46,271,343,150000,67920.6
2024-02,WH-ME-01,Dubai DC,Middle East & Africa,DrugX,Nephrolyte,0,1.85,18311.0,11158,9898,5523,18912,1.64,197,1005,150000,33875.35
2024-02,WH-ME-01,Dubai DC,MEA,DrugY,Cardiovex,0,2.4,43736.0,20389,18595,10092,34558,2.15,371,11867,150000,104966.4
2024-03,WH-ME-01,Dubai DC,Middle East & Africa,DrugA,Angiotrol,1,9.6,1535.0,4404,4404,2179,7463,0.35,231,135,150000,14736.0
2024-03,WH-ME-01,Dubai DC,Middle East & Africa,DrugB,Betacor,0,3.15,7936.0,3103,2631,1535,5258,2.56,297,1153,150000,24998.4
2024-03,WH-ME-01,Dubai DC,Middle East & Africa,DrugC,Cholestat,1,12.3,6329.0,3155,3065,1561,5347,2.01,247,768,150000,77846.7
2024-03,WH-ME-01,Dubai DC,Middle East & Africa,DrugX,Nephrolyte,0,1.85,27216.0,10148,9746,5023,17200,2.68,358,2835,150000,50349.6
2024-03,WH-ME-01,Dubai DC,Middle East & Africa,DrugY,Cardiovex,0,2.4,22865.0,18168,18168,8993,30794,1.26,648,3701,150000,54876.0
2024-04,WH-ME-01,Dubai DC,Middle East & Africa,DrugA,Angiotrol,1,9.6,6420.0,4363,3686,2159,7394,1.47,407,846,150000,61632.0
2024-04,WH-ME-01,Dubai DC,Middle East & Africa,DrugB,Betacor,0,3.15,7095.0,2925,2727,1447,4957,2.43,451,1038,150000,22349.25
2024-04,WH-ME-01,Dubai DC,Middle East & Africa,DrugC,Cholestat,1,12.3,789.0,2866,2806,1418,4857,0.28,341,74,150000,9704.7
2024-04,WH-ME-01,Dubai DC,Middle East & Africa,DrugX,Nephrolyte,0,1.85,28156.0,9399,9399,4652,15930,3.0,318,2100,150000,52088.6
2024-04,WH-ME-01,Dubai DC,Middle East & Africa,DrugY,Cardiovex,0,2.4,80540.0,15843,15330,7842,26853,5.08,556,7710,150000,193296.0
2024-05,WH-ME-01,Dubai DC,Middle East & Africa,DrugA,Angiotrol,1,9.6,808.0,4043,3680,2001,6852,0.2,315,6,150000,7756.8
2024-05,WH-ME-01,Dubai DC,Middle East & Africa,DrugB,Betacor,0,3.15,10400.0,3049,2905,1509,5167,3.41,263,1769,150000,32760.0
2024-05,WH-ME-01,Dubai DC,Middle East & Africa,DrugC,Cholestat,1,12.3,4973.0,2890,2523,1430,4898,1.72,248,506,150000,61167.9
2024-05,WH-ME-01,Dubai DC,Middle East & Africa,DrugX,Nephrolyte,0,1.85,37673.0,9474,9474,4689,16057,3.98,644,10180,150000,69695.05
2024-05,WH-ME-01,Dubai DC,Middle East & Africa,DrugY,Cardiovex,0,2.4,29262.0,15096,14007,7472,25587,1.94,488,1338,150000,70228.8
2024-06,WH-ME-01,Dubai DC,Middle East & Africa,DrugA,Angiotrol,1,9.6,1312.0,3548,3548,1756,6013,0.37,364,10,150000,12595.2
2024-06,WH-ME-01,Dubai DC,Middle East & Africa,DrugB,Betacor,0,3.15,3914.0,2551,2310,1262,4323,1.53,253,264,150000,12329.1
2024-06,WH-ME-01,Dubai DC,Middle East & Africa,DrugC,Cholestat,1,12.3,1845.0,2521,2350,1247,4272,0.73,5,180,150000,22693.5
2024-06,WH-ME-01,Dubai DC,Middle East & Africa,DrugX,Nephrolyte,0,1.85,26607.0,8910,8419,4410,15102,2.99,305,2423,150000,49222.95
2024-06,WH-ME-01,Dubai DC,Middle East & Africa,DrugY,Cardiovex,0,2.4,54133.0,14297,14024,7077,24233,3.79,726,3089,150000,129919.2
2024-07,WH-ME-01,Dubai DC,Middle East & Africa,DrugA,Angiotrol,1,9.6,9580.0,3803,3256,1882,6445,2.52,71,1062,150000,91968.0
2024-07,WH-ME-01,Dubai DC,Middle East & Africa,DrugB,Betacor,0,3.15,7443.0,2539,2092,1256,4302,2.93,514,917,150000,23445.45
2024-07,WH-ME-01,Dubai DC,Middle East & Africa,DrugC,Cholestat,1,12.3,3467.0,2776,2632,1374,4705,1.25,67,236,150000,42644.1
2024-07,WH-ME-01,Dubai DC,Middle East & Africa,DrugX,Nephrolyte,0,1.85,15353.0,9317,8823,4611,15791,1.65,201,935,150000,28403.05
2024-07,WH-ME-01,Dubai DC,Middle East & Africa,DrugY,Cardiovex,0,2.4,48230.0,14355,14355,7105,24331,3.36,440,2042,150000,115752.0
2024-08,WH-ME-01,Dubai DC,Middle East & Africa,DrugA,Angiotrol,1,9.6,4253.0,4058,3792,2008,6877,1.05,12,665,150000,40828.8
2024-08,WH-ME-01,Dubai DC,Middle East & Africa,DrugB,Betacor,0,3.15,7721.0,2714,2604,1343,4599,2.84,305,1304,150000,24321.15
2024-08,WH-ME-01,Dubai DC,Middle East & Africa,DrugC,Cholestat,1,12.3,1687.0,2628,2367,1300,4453,0.64,95,352,150000,20750.1
2024-08,WH-ME-01,Dubai DC,Middle East & Africa,DrugX,Nephrolyte,0,1.85,27505.0,9233,9233,4570,15649,2.98,86,5098,150000,50884.25
2024-08,WH-ME-01,Dubai DC,Middle East & Africa,DrugY,Cardiovex,0,2.4,74758.0,14960,14064,7405,25357,5.0,689,14276,150000,179419.2
2024-09,WH-ME-01,Dubai DC,Middle East & Africa,DrugA,Angiotrol,1,9.6,823.0,4117,3957,2037,6977,0.2,244,54,150000,7900.8
2024-09,WH-ME-01,Dubai DC,Middle East & Africa,DrugB,Betacor,0,3.15,3020.0,3015,2782,1492,5110,1.0,201,294,150000,9513.0
2024-09,WH-ME-01,Dubai DC,Middle East & Africa,DrugC,Cholestat,1,12.3,7465.0,2679,2679,1326,4540,2.79,240,156,150000,91819.5
2024-09,WH-ME-01,Dubai DC,Middle East & Africa,DrugX,Nephrolyte,0,1.85,19753.0,8701,8701,4306,14747,2.27,437,1320,150000,36543.05
2024-09,WH-ME-01,Dubai DC,Middle East & Africa,DrugY,Cardiovex,0,2.4,44903.0,15832,15832,7836,26834,2.84,647,2318,150000,107767.2
2024-10,WH-ME-01,Dubai DC,Middle East & Africa,DrugA,Angiotrol,1,9.6,4295.0,4922,4692,2436,8342,0.87,360,547,150000,41232.0
2024-10,WH-ME-01,Dubai DC,Middle East & Africa,DrugB,Betacor,0,3.15,12600.0,3077,3077,1523,5215,4.1,387,256,150000,39690.0
2024-10,WH-ME-01,Dubai DC,Middle East & Africa,DrugC,Cholestat,1,12.3,3002.0,3008,2603,1488,5097,1.0,63,199,150000,36924.6
2024-10,WH-ME-01,Dubai DC,Middle East & Africa,DrugX,Nephrolyte,0,1.85,31798.0,11037,10482,5463,18707,2.88,722,7230,150000,58826.3
2024-10,WH-ME-01,Dubai DC,Middle East & Africa,DrugY,Cardiovex,0,2.4,68571.0,16913,14228,8371,28666,4.05,360,1324,150000,164570.4
2024-11,WH-ME-01,Dubai DC,Middle East & Africa,DrugA,Angiotrol,1,9.6,6833.0,4629,4629,2291,7845,1.48,298,496,150000,65596.8
2024-11,WH-ME-01,Dubai DC,Middle East & Africa,DrugB,Betacor,0,3.15,10329.0,3181,2820,1574,5391,3.25,275,1131,150000,32536.35
2024-11,WH-ME-01,Dubai DC,Middle East & Africa,DrugC,Cholestat,1,12.3,3033.0,3319,3094,1642,5624,0.91,396,761,150000,37305.9
2024-11,WH-ME-01,Dubai DC,Middle East & Africa,DrugX,Nephrolyte,0,1.85,31570.0,12006,12006,5942,20349,2.63,429,281,150000,58404.5
2024-11,WH-ME-01,Dubai DC,Middle East & Africa,DrugY,Cardiovex,0,2.4,42321.0,17506,16518,8665,29672,2.42,551,13158,150000,101570.4
2024-12,WH-ME-01,Dubai DC,Middle East & Africa,DrugA,Angiotrol,1,9.6,11605.0,4898,4814,2424,8301,2.37,271,2646,150000,111408.0
2024-12,WH-ME-01,Dubai DC,MEA,DrugB,Betacor,0,3.15,9756.0,3508,3508,1736,5945,2.78,443,2569,150000,30731.4
2024-12,WH-ME-01,Dubai DC,Middle East & Africa,DrugC,Cholestat,1,12.3,4835.0,3644,3164,1803,6175,1.33,104,155,150000,59470.5
2024-12,WH-ME-01,Dubai DC,Middle East & Africa,DrugX,Nephrolyte,0,1.85,46984.0,12493,11621,6184,21175,3.76,517,9155,150000,86920.4
2024-12,WH-ME-01,Dubai DC,Middle East & Africa,DrugY,Cardiovex,0,2.4,51189.0,21023,19516,10406,35633,2.43,476,2149,150000,122853.6
2025-01,WH-ME-01,Dubai DC,Middle East & Africa,DrugA,Angiotrol,1,9.6,,5281,5125,2614,8951,1.99,290,667,150000,101059.2
2025-01,WH-ME-01,Dubai DC,Middle East & Africa,DrugB,Betacor,0,3.15,12092.0,3604,3479,1783,6107,3.36,294,157,150000,38089.8
2025-01,WH-ME-01,Dubai DC,Middle East & Africa,DrugC,Cholestat,1,12.3,4339.0,3443,3343,1704,5835,1.26,109,1101,150000,53369.7
2025-01,WH-ME-01,Dubai DC,Middle East & Africa,DrugX,Nephrolyte,0,1.85,54776.0,12843,12380,6357,21768,4.27,273,6768,150000,101335.6
2025-01,WH-ME-01,Dubai DC,Middle East & Africa,DrugY,Cardiovex,0,2.4,21388.0,18653,16921,9233,31616,1.15,332,3660,150000,51331.2
2025-02,WH-ME-01,Dubai DC,Middle East & Africa,DrugA,Angiotrol,1,9.6,13253.0,4933,4726,2441,8360,2.69,329,3428,150000,127228.8
2025-02,WH-ME-01,Dubai DC,Middle East & Africa,DrugB,Betacor,0,3.15,11227.0,3690,3403,1826,6254,3.04,404,1882,150000,35365.05
2025-02,WH-ME-01,Dubai DC,Middle East & Africa,DrugC,Cholestat,1,12.3,9186.0,3775,3413,1868,6398,2.43,5,1459,150000,112987.8
2025-02,WH-ME-01,Dubai DC,Middle East & Africa,DrugX,Nephrolyte,0,1.85,31332.0,11647,11647,5765,19741,2.69,442,1946,150000,57964.2
2025-02,WH-ME-01,Dubai DC,Middle East & Africa,DrugY,Cardiovex,0,2.4,,20897,20387,10344,35420,2.25,745,868,150000,112891.2
2025-03,WH-ME-01,Dubai DC,Middle East & Africa,DrugA,Angiotrol,1,9.6,7699.0,4914,4609,2432,8328,1.57,151,137,150000,73910.4
2025-03,WH-ME-01,Dubai DC,Middle East & Africa,DrugB,Betacor,0,3.15,15975.0,3509,3176,1736,5946,4.55,390,1083,150000,50321.25
2025-03,WH-ME-01,Dubai DC,Middle East & Africa,DrugC,Cholestat,1,12.3,5902.0,3399,3202,1682,5760,1.74,200,823,150000,72594.6
2025-03,WH-ME-01,Dubai DC,Middle East & Africa,DrugX,Nephrolyte,0,1.85,49764.0,10934,10934,5412,18532,4.55,405,10236,150000,92063.4
2025-03,WH-ME-01,Dubai DC,Middle East & Africa,DrugY,Cardiovex,0,2.4,41512.0,22252,20116,11014,37716,1.87,640,345,150000,99628.8
2025-04,WH-ME-01,Dubai DC,Middle East & Africa,DrugA,Angiotrol,1,9.6,12968.0,4758,4758,2355,8064,2.73,180,1529,150000,124492.8
2025-04,WH-ME-01,Dubai DC,Middle East & Africa,DrugB,Betacor,0,3.15,10889.0,3326,2952,1646,5637,3.27,480,659,150000,34300.35
2025-04,WH-ME-01,Dubai DC,Middle East & Africa,DrugC,Cholestat,1,12.3,3056.0,3131,3131,1549,5306,0.98,215,422,150000,37588.8
2025-04,WH-ME-01,Dubai DC,Middle East & Africa,DrugX,Nephrolyte,0,1.85,31645.0,11590,10422,5737,19645,2.73,375,7226,150000,58543.25
2025-04,WH-ME-01,Dubai DC,Middle East & Africa,DrugY,Cardiovex,0,2.4,44984.0,19656,18173,9729,33316,2.29,439,3258,150000,107961.6
2025-05,WH-ME-01,Dubai DC,Middle East & Africa,DrugA,Angiotrol,1,9.6,5709.0,4325,4314,2140,7330,1.32,281,677,150000,54806.4
2025-05,WH-ME-01,Dubai DC,Middle East & Africa,DrugB,Betacor,0,3.15,1927.0,3061,3048,1515,5188,0.63,480,74,150000,6070.05
2025-05,WH-ME-01,Dubai DC,Middle East & Africa,DrugC,Cholestat,1,12.3,3347.0,3160,2831,1564,5356,1.06,169,794,150000,41168.1
2025-05,WH-ME-01,Dubai DC,Middle East & Africa,DrugX,Nephrolyte,0,1.85,31888.0,10759,9823,5325,18235,2.96,268,737,150000,58992.8
2025-05,WH-ME-01,Dubai DC,Middle East & Africa,DrugY,Cardiovex,0,2.4,27861.0,17677,16660,8750,29962,1.58,576,4747,150000,66866.4
2025-06,WH-ME-01,Dubai DC,Middle East & Africa,DrugA,Angiotrol,1,9.6,6403.0,3808,3703,1884,6453,1.68,307,173,150000,61468.8
2025-06,WH-ME-01,Dubai DC,Middle East & Africa,DrugB,Betacor,0,3.15,10055.0,2443,2169,1209,4140,4.12,517,1401,150000,31673.25
2025-06,WH-ME-01,Dubai DC,Middle East & Africa,DrugC,Cholestat,1,12.3,3495.0,2642,2409,1307,4477,1.32,328,322,150000,42988.5
2025-06,WH-ME-01,Dubai DC,Middle East & Africa,DrugX,Nephrolyte,0,1.85,34680.0,8911,7683,4410,15103,3.89,371,7587,150000,64158.0
2025-06,WH-ME-01,Dubai DC,Middle East & Africa,DrugY,Cardiovex,0,2.4,28533.0,14829,14829,7340,25134,1.92,402,2055,150000,68479.2
2025-07,WH-ME-01,Dubai DC,Middle East & Africa,DrugA,Angiotrol,1,9.6,,4151,3973,2054,7035,4.22,227,1795,150000,168009.6
2025-07,WH-ME-01,Dubai DC,Middle East & Africa,DrugB,Betacor,0,3.15,7868.0,2613,2607,1293,4428,3.01,536,1205,150000,24784.2
2025-07,WH-ME-01,Dubai DC,Middle East & Africa,DrugC,Cholestat,1,12.3,6292.0,2678,2523,1325,4538,2.35,82,38,150000,77391.6
2025-07,WH-ME-01,Dubai DC,MEA,DrugX,Nephrolyte,0,1.85,34058.0,9173,8911,4540,15547,3.71,380,212,150000,63007.3
2025-07,WH-ME-01,Dubai DC,Middle East & Africa,DrugY,Cardiovex,0,2.4,41304.0,16582,16582,8208,28106,2.49,548,8233,150000,99129.6
2025-08,WH-ME-01,Dubai DC,Middle East & Africa,DrugA,Angiotrol,1,9.6,5955.0,3670,3357,1816,6220,1.62,222,480,150000,57168.0
2025-08,WH-ME-01,Dubai DC,Middle East & Africa,DrugB,Betacor,0,3.15,7100.0,2885,2397,1428,4890,2.46,416,989,150000,22365.0
2025-08,WH-ME-01,Dubai DC,Middle East & Africa,DrugC,Cholestat,1,12.3,4509.0,2854,2464,1412,4836,1.58,130,75,150000,55460.7
2025-08,WH-ME-01,Dubai DC,Middle East & Africa,DrugX,Nephrolyte,0,1.85,13612.0,9824,8394,4862,16650,1.39,433,648,150000,25182.2
2025-08,WH-ME-01,Dubai DC,Middle East & Africa,DrugY,Cardiovex,0,2.4,65230.0,16561,14760,8197,28070,3.94,409,7360,150000,156552.0
2025-09,WH-ME-01,Dubai DC,Middle East & Africa,DrugA,Angiotrol,1,9.6,8561.0,4563,4387,2258,7733,1.88,300,113,150000,82185.6
2025-09,WH-ME-01,Dubai DC,Middle East & Africa,DrugB,Betacor,0,3.15,12767.0,3246,3071,1606,5501,3.93,231,1418,150000,40216.05
2025-09,WH-ME-01,Dubai DC,Middle East & Africa,DrugC,Cholestat,1,12.3,6398.0,3071,2803,1520,5205,2.08,350,532,150000,78695.4
2025-09,WH-ME-01,Dubai DC,Middle East & Africa,DrugX,Nephrolyte,0,1.85,26538.0,10547,10196,5220,17876,2.52,413,9018,150000,49095.3
2025-09,WH-ME-01,Dubai DC,Middle East & Africa,DrugY,Cardiovex,0,2.4,36107.0,17509,17024,8666,29676,2.06,401,5129,150000,86656.8
2025-10,WH-ME-01,Dubai DC,MEA,DrugA,Angiotrol,1,9.6,3484.0,4612,4551,2282,7816,0.76,137,1234,150000,33446.4
2025-10,WH-ME-01,Dubai DC,Middle East & Africa,DrugB,Betacor,0,3.15,12128.0,3112,2807,1540,5274,3.9,141,1427,150000,38203.2
2025-10,WH-ME-01,Dubai DC,Middle East & Africa,DrugC,Cholestat,1,12.3,3488.0,3532,3506,1748,5986,0.99,281,1634,150000,42902.4
2025-10,WH-ME-01,Dubai DC,Middle East & Africa,DrugX,Nephrolyte,0,1.85,42316.0,10633,10400,5263,18022,3.98,257,13908,150000,78284.6
2025-10,WH-ME-01,Dubai DC,Middle East & Africa,DrugY,Cardiovex,0,2.4,62579.0,20161,20161,9979,34172,3.1,475,21510,150000,150189.6
2025-11,WH-ME-01,Dubai DC,Middle East & Africa,DrugA,Angiotrol,1,9.6,14658.0,4779,4779,2365,8099,3.07,289,494,150000,140716.8
2025-11,WH-ME-01,Dubai DC,Middle East & Africa,DrugB,Betacor,0,3.15,7390.0,3628,3628,1795,6148,2.04,526,386,150000,23278.5
2025-11,WH-ME-01,Dubai DC,Middle East & Africa,DrugC,Cholestat,1,12.3,5038.0,3409,3050,1687,5777,1.48,106,396,150000,61967.4
2025-11,WH-ME-01,Dubai DC,Middle East & Africa,DrugX,Nephrolyte,0,1.85,56155.0,11594,11475,5739,19651,4.84,437,7250,150000,103886.75
2025-11,WH-ME-01,Dubai DC,Middle East & Africa,DrugY,Cardiovex,0,2.4,58856.0,18681,18681,9247,31664,3.15,313,8632,150000,141254.4
2025-12,WH-ME-01,Dubai DC,Middle East & Africa,DrugA,Angiotrol,1,9.6,11391.0,5240,5240,2593,8881,2.17,253,241,150000,109353.6
2025-12,WH-ME-01,Dubai DC,Middle East & Africa,DrugB,Betacor,0,3.15,6427.0,3691,3628,1827,6256,1.74,317,136,150000,20245.05
2025-12,WH-ME-01,Dubai DC,Middle East & Africa,DrugC,Cholestat,1,12.3,3511.0,3823,3717,1892,6479,0.92,74,357,150000,43185.3
2025-12,WH-ME-01,Dubai DC,Middle East & Africa,DrugX,Nephrolyte,0,1.85,46246.0,12766,12759,6319,21638,3.62,287,9503,150000,85555.1
2025-12,WH-ME-01,Dubai DC,Middle East & Africa,DrugY,Cardiovex,0,2.4,40750.0,22398,19923,11087,37964,1.82,354,2135,150000,97800.0
